author,text,likes,date,sentiment
@kumrayatish,Om shanti ratan tata ğŸ™ğŸ»,0,2024-10-17T14:27:39Z,Negative
@fatemabegum3366,safari kingâ¤â¤ğŸ˜®ğŸ˜®,0,2024-04-13T08:06:10Z,Negative
@wadddupppsachin48,ONE DAY â™¥ï¸,0,2023-01-11T11:19:43Z,Negative
@Hruaiteasiakeng31,My dream carğŸ˜! Thanks to Ratan TatağŸ‘,0,2022-09-19T10:53:48Z,Positive
@growmind8057,tata is make safest cars,0,2022-08-01T09:08:18Z,Negative
@singhashwani031,Only thing I donâ€™t like with safari is the last window design and infotainment system else it would have been surely my 1st choice. Specially Dark,1,2022-08-01T03:17:22Z,Positive
@utkarshdwivedi6600,Safari is near perfect but lacks on few major stuff 1st & most important its dash it look like  10lac cars dash i have suggestions tata should take inspiration from either ford or vw & skoda their steering wheel look classy n modern forget them just see land rovers steering the infotainment love to see xuv like infotainment. N thud of gates i dont know why but it doesn't give same thud as superb or fortuner & last give it a new engine 190+ bhp petrol/ or hybrid with your 170bhp to reach ot 200bhp these will give safari a proper heavy weight why would somebuy a fortuner when you are getting a similar in styling but better internally. When a folk go for a safari over harrier he clearly going for proper premium make safari little expensive but make it more elegant make its engine more refine give it power to do drag these things are not practical but have a very big psycological impact.,0,2022-05-27T20:38:32Z,Positive
@sanjibg1.1,Did not like the complete dark interior. Dark exterior with Kaziranga type seat/ interior would be a killer combination. Can Tata do that or give that option ? At least an option to have dark exterior with usual interiors.,1,2022-04-05T17:19:01Z,Negative
@pranavchaskar,It's not safari until  it gets at least basic AWD. Front wheel drive Cross over can't be Safari.,0,2022-02-23T10:03:11Z,Negative
@Strum_And_Hum,Does this come in black?,0,2022-02-16T07:53:36Z,Negative
@nidhin85,Who is going to look at this especially with the really poor infotainment system....its only looks nothing else which is a shame!,0,2022-02-16T06:06:36Z,Negative
@ajitpravin007,"Everything is good in Tata, except audio system screen size. Which is small compared to other carâ€™s..",0,2022-02-15T12:07:03Z,Positive
@shailendrakumar-qi7do,cool,0,2022-02-13T22:34:54Z,Positive
@Sriram-td1dk,From my view itâ€™s right cost .. but my dadâ€™s view itâ€™s costly . - kindly change the logo for premium cars .,1,2022-02-13T08:54:20Z,Positive
@yogeshchadha7025,any update on launch of safari petrol version ?,0,2022-02-12T08:35:38Z,Negative
@munecaeburro,It looks like a Dacia Duster. Donâ€™t you think?,0,2022-02-11T14:42:46Z,Negative
@Me-ws5zt,"Who are you? 
I am Harrier 
Son of velar and safari.",0,2022-02-11T08:36:06Z,Negative
@MrNitKap,Just got my zxa+ Adv Personaâ€¦ didnâ€™t go for black because in Indian weather somehow I just canâ€™t come to terms with it. In ZXA+ model I miss the ventilated seats â€¦thatâ€™s about itâ€¦,0,2022-02-11T07:10:42Z,Negative
@amarmehta3240,indian brands are ruling finally,0,2022-02-11T06:09:29Z,Negative
@AnkitRoyAR,Oven-on-road in summers,0,2022-02-11T02:28:31Z,Negative
@Abhej1t,Should do wonders in a tropical sunny country like ours.,0,2022-02-10T17:41:34Z,Negative
@hi2447,Maruti Suzuki 800ac review,1,2022-02-10T14:42:29Z,Negative
@anantutube,Gold edition should also have been given black treatment,0,2022-02-10T14:04:05Z,Negative
@Y2Kvids,I can see the safari ness,0,2022-02-10T13:17:07Z,Negative
@mukherjeechandr379,"A lot of people are complaining about 360 degree camera and nicer infotainment, but only a fewer people know thats where Tata is earning money. 360 camera and better infotainment requires more semiconductor sensor chips and there has been a global shortage of it. Thats why XUV700 has waiting period of 15 months, where as Safari is available within 45 days. People who donâ€™t wanna wait for 18 months are going for Safari and thatâ€™s where Tata is earning money. Thats called business.",0,2022-02-10T12:58:57Z,Positive
@shariaronaleash,"NO 4WD NO AUTOMATIC BOOT... NO SPSCE FOR LUGGAGE - MARUTI XLR IS BETTER. VERY SAF TATA SAFARI JUST A BLACK SHINY EMPTY BOX.

ALL THAT GLITTERS IS NOT GOLD.

Rs 22 lakhs and no 4WD What a shame",0,2022-02-10T11:15:05Z,Positive
@kiranmathur,Lol another Paint Job in an Extended Harrier & Potray as if its a brand new vehicle & Hike the price ğŸ¤£ğŸ¤£,0,2022-02-10T08:47:10Z,Positive
@vikassatyamurthy9464,Donâ€™t know the obsession for black cars. They are the toughest to maintain. Even a small amount of dust stands out. Scratches highlight. Gets extremely hot inside if parked under sun. Black cars are a pain to maintain.,1,2022-02-10T07:49:32Z,Negative
@acrobat9018,The infotainment system ğŸ˜£,1,2022-02-10T06:29:05Z,Negative
@Mr_kk111,Can also be used as solar cooker ğŸ¤£,0,2022-02-10T04:09:25Z,Negative
@loo5erArkitekt,"yeah, make it all black... hide those ugly details",0,2022-02-10T04:03:58Z,Negative
@vigneshlx4300,"I have booked safari dark over over Xuv 700:
1) Superb road presence.  Can compete with fortuner,  though it is a segment above.
2) Interior feels plush (except for poor infotainment system) due to soft touch materials used.
3) Get a 7 seater. Because safari is proper 7 seater or atleast you can use it as 6 seater by tumbling one side of the last row seat to increase the boot capacity. 

Do not buy 6 seater in safari or other cars, because in this segment, the last row is not so wide like fortuner or endeavors. And ultimately, you will be forced to use this 6 seater as 4 seater car due to compromised last row. 

This is unacceptable, if you fathom that triber or ertiga is good 7 seater than these cars are.

In case of Hector or alacazar, it is a 4 seater (if you are going for 6 seater configuration), because last row is barely usable. 
4) All features except for adas, are present in safari too. Bad impression comes due to infotainment systems.
5) JBL is very good over Sony speakers. It may seem weird, but park xuv700 and safari and play same song, you'll understand what I am saying. Somehow the bass and treble is better in JBL. Sony was just being loud than JBL. Quality was compromised.",16,2022-02-10T02:25:35Z,Positive
@rkg3902,Tata cars the best and safest,0,2022-02-09T23:43:41Z,Positive
@riddunyra4373,gold better than thieves black,0,2022-02-09T21:29:14Z,Positive
@raviprasad6615,Amazing car,0,2022-02-09T19:41:24Z,Positive
@paramthetravelersingh7266,4*4 ?,0,2022-02-09T13:16:22Z,Negative
@muhammedrayif6087,Still miss a 4WD system,1,2022-02-09T13:10:22Z,Negative
@Lonewolf9898,This colour makes safari true mafia car ğŸ˜,4,2022-02-09T10:48:51Z,Positive
@bhavesh6528,It's expensive .,0,2022-02-09T10:23:54Z,Negative
@SudhanshuSrivastava007,Touch screen display is very tiny and the steering is too heavy which needs their attention..hopefully they will work on these in upcoming update and then many buyers like me will buy this beast.,0,2022-02-09T09:56:15Z,Positive
@johndhillon99,front wheel drive SUV is same as big hatchback,0,2022-02-09T09:46:15Z,Negative
@eprabhat,"Tata Safari need to match up to the equipment levels in the market from XUV700 , Alcazar and Carens",2,2022-02-09T07:36:58Z,Negative
@vinothperumal8632,Super commentğŸ‘ ğŸ˜€,1,2022-02-09T07:32:58Z,Positive
@ranjiebenezer9860,This car need a upgrade on they're infotainment system. They are so sad it's the only thing that will point you towards others cars,0,2022-02-09T07:10:45Z,Negative
@soumitrachatterjee4703,"Seriously, an update for the infotainment is required. And they should launch a petrol ASAP and crash test it. The reason they didn't do it in the diesel car is because it has a deadly problem, which can break the driver's knee in an event of head on collision. They realized this after they made the deal with Fiat for 70,000 diesel engines. Seriously, they should at least add 360-degree camera. Addition of ADAS would be nice, but addition of the more basic and fundamental features would be great. Especially if they want to boost sales.",2,2022-02-09T07:05:32Z,Positive
@aryasalona,Petrol engine and large screen will make it good option,0,2022-02-09T06:45:06Z,Positive
@JetsetPilot,"They really need to upgrade the models or they must be ready give up their position to Mahindra and others. 
Look at the xuv700 what 
 big hit it has become. 1lac plus bookings. 
I really donâ€™t think so Tata will be able to sell as much as Xuvâ€™s as its pricier and feature.
They should accept it as a challenge 
Add the All LED lights , better infotainment, should also revise the price.",1,2022-02-09T06:11:34Z,Positive
@himanshuohlyan,atleast give awd in black addition,0,2022-02-09T05:57:06Z,Negative
@adityat5905,"Infotainment system needs a complete overhaul..
Electronic steering wheel..(or option of steering modes)
A little more power/torque (180/375) .... just an example i felt my safari a bit underpowered with full load.. 
Better HeadLamps..
360 cam
Ventillated seats and wireless charger (in standard colours also).. I think they have started doing this!
Option of 4x4 (not for me)..

IF TATA EVER DID THESE THINGS TO SAFARI (with increasing proice ofcourse) ,IT WILL BECOME A VIABLE REPLACEMENT OF FORTUNER!!

These are the reasons why XUV 700 has a waiting period of 15-18 months..!!


naya colour dene se kaam nai chalegağŸ˜‚ğŸ˜‚",3,2022-02-09T05:54:03Z,Positive
@siddhantrs4545,they should have given alcantara leather seats.....,0,2022-02-09T05:06:27Z,Negative
@arunachalkradadi6617,My dream car,0,2022-02-09T03:34:58Z,Negative
@MultiSathyaa,Except lights all other things ate darked out.....nothing new....samae old shit.,0,2022-02-09T03:07:46Z,Negative
@friendbuddy4171,any news regarding 4*4 safari ?,0,2022-02-09T03:07:29Z,Negative
@yashraj8051,Wireless charging? ğŸ”‹âš¡,1,2022-02-09T02:58:17Z,Negative
@rubanvinodhkhar3837,Why us the headlamp internal bezel missing the black?,0,2022-02-09T02:20:08Z,Negative
@sidd4419,"Better infotainment system, AWD, ADAS, full LED headlamps, 360Â° parking camera and ventilated seats will make the safari much more premium and appealing.",6,2022-02-09T02:17:53Z,Positive
@decafam3410,"I think you could bring this to the US and it would do well on design alone, I don't know about everything you can't see under the skin, but if it is up to highway and crash standards - I don't see why this couldn't sell well",4,2022-02-09T01:42:39Z,Negative
@samueltanpu1978,"Tata could have changed their infotainment system, in every Tata it is same so. Doesn't means it's not good but...",0,2022-02-09T01:39:24Z,Negative
@preethamkonda5011,"Looks good but no AWD, 360 CAMERA, ADAS, BIG TOUCH SCREEN",0,2022-02-09T01:34:42Z,Positive
@anandkandadainarasimhan8839,4WD anyone?,0,2022-02-09T01:04:30Z,Negative
@sangeethsuresh9320,"Well the new dark edition of the tata safari looks very good. Both the interior and exterior looks great in black. 
However tata could have upgraded the interior infotainment system by giving a larger touch screen and also More features could have added to.",4,2022-02-09T00:44:28Z,Positive
@DavidK16,Infotainment is what I hate in this car as well as steer handling.,0,2022-02-08T21:47:11Z,Negative
@kostinarain7373,Waiting for the petrol,0,2022-02-08T20:15:58Z,Negative
@dr.farmer221,Excellent look,0,2022-02-08T20:13:08Z,Positive
@aniketsanjayshirsekar7932,Yes Tata safari should get a alloys wheel design change and has well has thee infotainment system more bigger and Ambien lights . Bcz alloys wheel don't look that great  . And a longer wheel base in future update.,0,2022-02-08T19:57:59Z,Positive
@ullas2cool,"What happend to safari, 6ft person used to look tiny in front of old safari. Now it looks like the person can look on the roof without stretching legs.",2,2022-02-08T19:46:44Z,Positive
@sreekanths1817,TATA â¤ï¸,0,2022-02-08T18:59:36Z,Negative
@ishanraj2998,tata give a new infotainment system i will buy it next day â¤,0,2022-02-08T18:57:23Z,Positive
@pritpalsingh5844,"Hi, Autocar India, for a very nice review of TATA Safari Dark edition. Once again TATA Motors misses out the all White LED Headlights & Fog Lights, instead of Yellow Halogen Lights, second why 18"" alloys wheels?, instead of bigger 20"" gun metal alloys. Rest, very good looking vehicle. Same thing is in TATA Punch & it's siblings like Harrier, Tiago. Tigor, Altroz. Why? Is TATA Motors is listening to its customers.",1,2022-02-08T18:55:34Z,Positive
@amitkumarsingh1978,"It's very costly due to engine source from fiat and gearbox source from Hyundai. 

Tata should develope own engine and gearbox. In that case it will offer less price to the customer.",1,2022-02-08T18:50:21Z,Positive
@ronaldmichael6970,Beautiful.,1,2022-02-08T18:48:36Z,Positive
@sanjay33246,"Everything is ok and awesome until u change ur old fashioned tata logo into something like mahindra xuv700(I MEAN MUCH BETTER)
You have alot of logo options STARTING WITH T.

So please do it and it will change the brand value",0,2022-02-08T18:35:47Z,Positive
@zenjm6496,What will it take for Tata to go to Harmen Kardon  and ask them to create a big and beautiful looking infotainment system which is lag free? The current one looks like a grandpa wearing oversized suit! That big a bezel belongs in cars that are at least 5 years old!!,2,2022-02-08T18:35:22Z,Positive
@ankitmahapatra8921,Take a shot everytime he says Dark or black,0,2022-02-08T18:32:47Z,Negative
@meher_pratap,360 cameras and better infotainment is all this car needs. Mahindra still has to catch up on the ventilated seats front. Otherwise quite happy with where Indian motoring brands are heading. ğŸ‘ğŸ¼,5,2022-02-08T18:17:24Z,Positive
@adithyaunnikrishnan3732,"What's the need for ""dark"" & other editions that only have subtle cosmetic changes over the regular car? Infotainment is still tiny ,no off-road capabilities and no creature comforts vs it's rivals.",0,2022-02-08T18:07:06Z,Negative
@AliKhan-ww2gr,Looking beautiful safari.,0,2022-02-08T18:04:23Z,Positive
@ssawian,Tall boy makes Safari look small ğŸ˜„,0,2022-02-08T17:58:39Z,Negative
@Vatchman,Well-done TATA ğŸ‘,2,2022-02-08T17:57:05Z,Negative
@shrikantkulkarni24_7,"TATA even blacked out the hope of their near future customers, all they wanted was a 360 cam, should have a larger and good quality infotainment display but unfortunately, they're not gonna get it in this truly 'blackout' edition.",7,2022-02-08T17:56:11Z,Positive
@uthams2,"The procurement team has bought black paint in bulk, so each time they need to boost sales they come up with Dark edition",101,2022-02-08T17:55:15Z,Negative
@rraj29,"Headlight looks awkward,  it should have blackened inside",0,2022-02-08T17:53:56Z,Negative
@peanutputtervlogs5925,"Mahindra - "" Let's introduce a revolutionary SUV to attract more customers.""
Tata - ""Let's introduce another colour to sell more SUVs.""",2,2022-02-08T17:49:13Z,Positive
@rishiremju,No point in all this! Bring the AWD! Thatâ€™ll make this dominate the market!,0,2022-02-08T17:42:03Z,Negative
@ijs_autoandmore,Meanwhile people in India waiting for TATA to launch -- Safari dark edition petrol CNG ğŸ˜ğŸ˜ğŸ˜‚ğŸ˜‚,0,2022-02-08T17:41:54Z,Negative
@sachu202,"Since when did black paint become so exclusive? Usually capable manufacturers release special edition with some special tuning or performance upgrade but here we see applying black everywhere as shown as some new car. 

Atleast some feature upgrade would have done justice.",0,2022-02-08T17:36:10Z,Positive
@Reimagine_autos,Beauty!,0,2022-02-08T17:26:11Z,Negative
@drsiddysadventures551,AWD need of the hour,0,2022-02-08T17:26:00Z,Negative
@Quantum-Medicine,Dashboard not good look.,0,2022-02-08T17:25:19Z,Negative
@MrSanjeevakarunakar,"I would have really appreciated a carbon finish to make it stand out!! with the Endeavor out of production, the 'Big Butch' space is open with only the Fortuner in that space..",4,2022-02-08T17:23:55Z,Positive
@234nitesh,Can't understand the fascination for dark edition...rather improve the interiors...black interior is terrible for hot and mosquito filled environments of ours,7,2022-02-08T17:05:42Z,Negative
@BaghyarajanMuraliKrishnan,What's missing is a Proper 4x4 or atleast an Awd.,0,2022-02-08T17:04:23Z,Negative
@shashikantganesh6699,That time has come Tata Safari to be electrical car,0,2022-02-08T17:03:53Z,Negative
@vmuthu100,Worthy,0,2022-02-08T17:02:41Z,Positive
@pawmah602,Tata Punch Dark will be Dope ğŸ˜ŠğŸ”¥ğŸ”¥ğŸ”¥,2,2022-02-08T17:01:05Z,Negative
@avinashkalwani2267,"I just can't get over the ugly headlights.,infotaintment system is subpar and Mahindra makes this look waste of money,apart from looks and stance nothing much going for it",0,2022-02-08T16:50:53Z,Negative
@namanrao1103,The safari looks short in front of JAY PATIL!,1,2022-02-08T16:49:47Z,Negative
@DKRamnani,"Safari and harrier needs a new infotainment system, steering and ADAS to complete with XUV700",6,2022-02-08T16:44:51Z,Positive
@mamba.619,2.7 ltd engine and all wheel drive,0,2022-02-08T16:42:05Z,Negative
@Aditya-kl1xv,Dark edition look's like a range rover,0,2022-02-08T16:38:46Z,Negative
@centurygc,Shooted at Pan Card Club Pune,0,2025-09-25T13:25:48Z,Negative
@avinashjadhav6954,Bhai SERVISING ki BOHOT camplent aa rahi hai. Esko bhi dekho jara....ğŸ™ğŸ™ğŸ™,1,2025-05-20T18:25:13Z,Negative
@AKSH6591,Bhai 9 speaker aate acoomplished me,0,2025-03-01T13:48:31Z,Negative
@rushikeshgaikwad2506,Is it top model,0,2024-10-29T06:28:04Z,Positive
@jsvigneshwaran,Safari the great SUV !,0,2024-10-26T03:58:57Z,Positive
@sathisham9087,Nice Review ğŸ‘ŒğŸ™,0,2024-10-02T16:40:17Z,Positive
@akash6327,I have watched 100's of review to book this safari... Ab har cheese ratt gaya he muje.. trust me this guys review is amazing.. crisp and perfect,1,2024-09-08T19:50:41Z,Positive
@anaznebrahim,Does it have uv cut glass,0,2024-07-29T07:17:25Z,Negative
@kartiksolanki3452,Better I'll buy used pajero sport,0,2024-07-25T04:59:44Z,Positive
@bhoolkumayur,"Short and sweet but you give the exact details what people want to know, great job . Thank you very much and keep it up",0,2024-07-25T04:01:19Z,Positive
@somilbijur8137,Bro called safari affordable ğŸ˜…,0,2024-07-09T10:45:30Z,Negative
@yashkhelkar,Lord aulto is the king of urban jungle.,0,2024-06-15T04:09:41Z,Negative
@hemendramshah,Does it have inbuilt DashCam ..Front & Rear ?,0,2024-04-22T15:03:12Z,Negative
@ksnapperrocks254,"Thoda khana kha k video bana lete

 jk ğŸ˜‚",1,2024-04-22T14:56:42Z,Negative
@gopakumarsudhir4766,"I wonder why you keep driving on the right side of the road. That is a bad habit. Please don't post videos showing this and people watching this might think that it is cool to do that.Â 
Driving on the wrong side of the road is dangerous and may cost lives.",2,2024-03-17T14:56:17Z,Negative
@lalruatfela3394,"You've got a new subscriber.
Do something no other YouTuber has done(hoping your friend allows) - do a capability test with regards to offroad for the Safari. Many people, even those that do not specifically want a 4x4 are apprehensive of buying it because of its FWD system. This includes those from the hills where they have to tackle the occational muddy roads and landslide damaged roads. 
Do a follow up video on this.",2,2024-03-06T10:05:05Z,Positive
@SuitableProfessor,Pay 30+ lakh of hard earned money for an unreliable piece of s@@t. Do read up teambhp the new safari was completely dismantled.,0,2024-03-05T10:33:48Z,Negative
@Adwatism,Lmao more like King of Unreliable and electronic issues even after having Hyundai Transmission ğŸ’€ğŸ’€,2,2024-03-05T05:21:15Z,Positive
@arjunraguram7449,We need a review on the Scorpio N tooâ€¦,2,2024-03-05T04:31:44Z,Negative
@prateekjain7030,Hatchback on steroids with panel gaps ğŸ˜‚ğŸ˜‚ğŸ˜‚,6,2024-03-05T03:21:42Z,Negative
@shivendrasharma3299,"170 bhp 350 nm torque arent impressive numbers ?

Are you joking ?",3,2024-03-04T23:02:29Z,Positive
@TTTrainTTT,The worst car money can buy.,5,2024-03-04T21:36:36Z,Negative
@Tej132,The infotainment system is laggy,7,2024-03-04T17:32:48Z,Negative
@cyrilmatthew2995,"Most reviewers failed to educate masses about drivetrain configuration or layout ....
Previous safari was a body on frame chasis vehicle with a longitudinally mounted engine ( rear wheel drive paltform ) with 4 wheel drive integration .... I am assuming the previous safari has low range gear ratios as well as locking differentials ...
But the new safari is a monocoque -  (car like) chassis with a frint wheel drive based layout where engine is mounted transversely or sideways with all wheel drive integration.... So it's basically an front wheel biased druve train whwre engine senrs mote power to front wheels .... Its nit a typical 4*4 odf road worthy ...
Plus i know harrier has an inferior torsion beam rear suspension thats a big - a huge let down..new safari too had the same i guess....",5,2024-03-04T17:20:33Z,Positive
@ashrafkadakkodu9511,Bro pls do it. 120 N line manual review,4,2024-03-04T17:13:45Z,Negative
@shreyasbaviskar5935,tata should have a safari storme classic like mahindra scorpio classic,43,2024-03-04T16:36:49Z,Positive
@autocarindia1,Read the full review of the new Tata Safari here - https://www.autocarindia.com/car-reviews/tata-safari-facelift-review-flagship-suv-goes-more-upmarket-429549,10,2023-10-15T10:36:40Z,Positive
@prateeksrivastava386,tata designs are ahead,0,2025-04-25T09:40:05Z,Negative
@hinduraj3744,Front look same in all new tata models ğŸ˜‚,1,2025-03-24T03:17:14Z,Positive
@prateeksrivastava386,"actual cost of car , not more than 16 -  20 lacs â‚¹  ...... cost of car  is 10 lacs  â‚¹ costlier ..... segment of ford escape",0,2025-02-10T12:56:34Z,Negative
@peacetokyo,"Any insight if there would be a AWD ver anytime in the future, w/o that this so called SUV is a definite no no..",0,2025-02-09T01:48:29Z,Negative
@capricioustraveller,"Safari fans, assemble! ğŸš™ After an epic 21,000 km journey with my beast, including an unforgettable 8,000 km North East road trip over 35 days, I can confirm: this SUV has a personality of its own. ğŸ˜… Loved Autocar India take â€” theyâ€™ve nailed the essence of the Safari! Sharing my detailed ownership journey and road trip adventures on my channel if you're curious about the long-term quirks and joys of Tata's flagship! ğŸ™Œ",2,2025-01-21T21:24:43Z,Positive
@TJSaw,Cheap quality plasticky interiors. Expected more. XUV700 still the better choice.,0,2024-12-17T08:45:06Z,Positive
@RrajendraYn,safari is a great suv.,0,2024-12-17T07:04:11Z,Positive
@MiniMind_Challenges,"Hi there we are planning to buy Tata Safari Accomplished Plus 6S(AT) in Jan or Feb as 2025 Model will be out, we now own Toyota Innova (2008) and i need some opinions because i saw of a lot of bad comments on the safari, so i def need some customer reviews of long term people who own them since an year or so small glitches doesn't bother me @autocarindia1",0,2024-12-08T14:48:47Z,Positive
@Eduspark247,Ram ram,0,2024-12-01T23:24:55Z,Negative
@rajarammnellai,Premium car with poorest service. Tata is big scammer,0,2024-11-10T02:24:18Z,Negative
@sophiaroychoudhury2997,Can you please compare this with the Scorpio-N?,0,2024-09-29T12:27:56Z,Negative
@ShivrohitVanagondi,"Hi there, I watched your videos on YouTube and think you might be able to help me with some questions. Iâ€™m considering the Safari, XUV700, and Scorpio N for my needs. I have a large family of seven, and I plan to travel across Indiaâ€”not to extreme locations like deserts, but to places like Ladakh, Spiti, and Manali where there might be snow and black ice.

Iâ€™m wondering if the Safari will be suitable for these conditions or if I should opt for the XUV700 with all-wheel drive or the Scorpio N with 4x4. Iâ€™m leaning towards the Safari due to its impressive road presence and comfort, but the XUV700 is appealing for its performance. However, Iâ€™m also concerned about the reliability of Tata cars. Do you think the Safari is reliable? If you were choosing a new car, would you go for the Safari or a Mahindra model?",1,2024-09-01T06:36:09Z,Positive
@anaznebrahim,Does it have uv cut glass,0,2024-07-29T07:10:47Z,Negative
@Ironmishra123,"Tbh the og tata safari storme just cant be replaced 
Just saying the looks were just better than this one",0,2024-07-18T15:52:47Z,Positive
@kausthubking1972,"Only the power and the metal that's used would last, all the gizmos, internal upholstery, and even the GREAT TATA RUST haunts this vehicle as everğŸ˜‚ğŸ˜‚ğŸ˜‚, nice review ALBEITğŸ™Œ",1,2024-07-04T15:31:22Z,Positive
@the_law_student8402,4*4 hoti toh maza aaja ta,0,2024-05-11T09:27:10Z,Negative
@shashankshekhar6801,â¤â¤,0,2024-05-03T11:23:18Z,Negative
@vishalhunalli8525,We would love to see old safari storm and Hexa come back,0,2024-04-10T08:12:10Z,Positive
@huzaifakhan735,Is it 4x4 or AWD,0,2024-03-17T19:07:47Z,Negative
@DeepakKumar-vx3qu,steals my heart everytime i see it... love the new safari!,0,2024-02-26T07:42:21Z,Positive
@kumarjitsaha3541,Brilliant  job Tata.,0,2024-02-25T11:29:23Z,Positive
@jazimjaz4627,Tata must change their  premium  cars logo . Like what Mahendra  did,1,2024-02-24T15:41:09Z,Negative
@Sunil-zy6wr,Why is Tata vehicles are not so much developed in South Africa,0,2024-02-08T20:28:54Z,Positive
@FilippoBaio,Ãˆ possibile importarla in Italia?,0,2024-02-08T09:31:13Z,Negative
@JackOfAllCars.,Give it atleast Rear wheel drive please tata,0,2024-02-05T14:32:08Z,Negative
@abhiramshriram4130,for connivence i might buy the automatic but mostly i see people driving in the cities for convenience but the manual is better and good responses than   the automatic since mostly i would drive for long distances and manual gives better milage than the automatic,0,2024-02-03T15:20:06Z,Positive
@vrentertainment.3919,"Just bought safari last month it feels like I am driving 1cr car , the way people give reaction to my car in roadsâ¤â¤",1,2024-01-29T15:57:00Z,Negative
@abhishekjetely,Everything is so good. But please @tata bring physical buttons back. Itâ€™s a lot of distraction while driving,0,2023-12-22T05:09:09Z,Positive
@chandutomaz,The touchscreen is very basic. Real dud for this price point,0,2023-12-19T16:06:06Z,Positive
@sauravkr,"Why does the Safari always makes more noise and vibrates while reversing, even on flat surface?",0,2023-12-09T11:09:01Z,Positive
@Madmax-jz2ik,"The old design has that presence known on the road , sadly this new design doesn't compliment the legend",0,2023-11-26T04:21:03Z,Negative
@neerajyarlagadda7926,Will facelift gets red dark,0,2023-11-19T12:33:11Z,Negative
@ConsultantDoc500,"With an extensive test drive just a few days back........I sincerely accept that the new Tata Safari definitely has improved a lot in the areas of noise, vibration and harshness moreover the overall refinement of smoothness off the engine at Decent speeds has been really appreciable and satisfactory",27,2023-10-24T19:16:56Z,Positive
@ConsultantDoc500,"Dear bro you rightly pointed out in this video review that the autonomous emergency braking is not working at all........While, all other  ADAS features are working up to the mark and as expected I to had an extensive test drive of the Tata Safari accomplished plus variant on Saturday that is 21st October and was really disappointed by only one feature not working that is autonomous emergency braking which I tried on the highway........even in the suburban areas and the SUV never stopped on its own......",1,2023-10-24T19:09:24Z,Positive
@iaf010,"From the days of the Indica Tata has come a Looong way.

This Safari wouldn't be out of place.anywhere in the world.",0,2023-10-24T15:46:03Z,Negative
@sanjaykumarsingh6270,"Safest, coolest and most premium",0,2023-10-21T11:22:05Z,Positive
@jimmcbride932,Amazing!,0,2023-10-20T16:41:24Z,Positive
@SubhashChandra-vw3rm,I think this will be a flop one.,1,2023-10-18T07:55:02Z,Negative
@huvoverhakho6473,Wow ! interior is like Range Rover,0,2023-10-18T04:18:44Z,Positive
@vamshikumarreddy,so many new colours from Tata,0,2023-10-17T17:07:00Z,Positive
@gtb3493,Congrats safari and harrier for 5 star â­â­â­â­â­ from GNCAP,0,2023-10-17T07:32:12Z,Negative
@phanindra2930,If this one available in Petrol variant...ill book onspot ...,0,2023-10-17T02:58:21Z,Positive
@Wiiiiiiiiiiiiiiiiiiissrrrr,Always XUV700â¤â¤,1,2023-10-17T02:15:52Z,Negative
@parashborthakur,"No RWD , no 4WD , doesn't like to be revved .... This can't be SUV .... I don't think it's doing justice to the Safari legacy..... Of course, look wise awesome",7,2023-10-17T01:44:16Z,Positive
@chetanakarte6449,"This is the first time Iâ€™ve appreciated an AutoCar video, 
and itâ€™s all thanks to the host, Jay Patil  (@_jay.patil_).

Jay, your presentation skills are fantastic. I love it!

Watching from London, UK.ğŸ¤©ğŸ¤©",1,2023-10-16T21:08:52Z,Positive
@samarthmedical2738,Bhai safari pe Dil AA Gaya,0,2023-10-16T14:31:31Z,Negative
@taljeetsingh1545,The Tribal Chief â˜ğŸ»,0,2023-10-16T12:08:43Z,Negative
@milindkaroor2171,"Automatic transmission is a must. Till we have automatic transmission, I cannot purchase.",0,2023-10-16T12:03:41Z,Negative
@DragonSlayerRealThinker,full touch unit in the center is a dropper for me..,2,2023-10-16T09:46:04Z,Positive
@AP40446,Thank God Pratap bose left tata! Designs are so much cleaner now!,0,2023-10-16T07:52:22Z,Positive
@vipulvirus,"it is an oversized MUV. Does not even have 4x4

Safari badge is not suited for this.",2,2023-10-16T07:00:31Z,Negative
@shtokmr,"This time 19 inch alloys come in tip model.
Rest everything same, kindly make a video on effect of 17,18 or 19 inch wheels on a car.",0,2023-10-16T05:15:33Z,Positive
@shtokmr,How is throw and efficacy of LED light in real conditions?,1,2023-10-16T05:13:50Z,Positive
@ashwinhgtx,Wish they improved the engine refinement,0,2023-10-16T05:07:42Z,Negative
@Iamanto45,Love Tata for it's amazing safety cars,3,2023-10-16T03:30:16Z,Positive
@RahulKumar-wl5yx,"Alloy are very bad in Nexon , harrier, Safari",0,2023-10-16T03:12:40Z,Negative
@rajathrs7737,Safari the king â¤,1,2023-10-16T03:01:13Z,Negative
@CIA.Langley,No AWD. Useless.,1,2023-10-16T01:49:31Z,Negative
@Daily_Man_India,As the design team TATA+JLR just shown their talent upon what next gen is like,2,2023-10-16T01:26:12Z,Negative
@vijayvicky83,Let's see their  facelift after sales ğŸ˜…,0,2023-10-16T01:17:34Z,Negative
@umang_satute,Itâ€™s hard to believe this is the same company which designed â€˜Indicaâ€™. So many WoWs â¤,5,2023-10-15T22:34:25Z,Positive
@srinivasanramamoorthy9026,Itz so stupid that they went for piano black knowing that it will become worn out and bad very soon. Also they didn't fix the issue of left knee hitting the bottom side of dashboard,1,2023-10-15T22:24:25Z,Negative
@VenomGT03,Land rover is that you ?,0,2023-10-15T22:09:10Z,Negative
@vaibhavchopda04,"Hit like if you feel, car is inspired by range roverâ¤",0,2023-10-15T22:05:25Z,Negative
@robissonwillard7266,NiceğŸ‡¸ğŸ‡¦,0,2023-10-15T19:46:25Z,Negative
@aakarshkabir9618,"Why doesn't TATA give AWD ğŸ¤”ğŸ¤¬
Bigg tata supporter but not happy",1,2023-10-15T19:34:42Z,Negative
@aadil.s.h3946,As the boot space is too less with all seats up Tata should give a well designed roof top carrier which should camouflage with design,1,2023-10-15T19:23:00Z,Positive
@vaibhavpandey3569,Petrol options needed,0,2023-10-15T19:17:52Z,Negative
@EscapeToVictoryNow,"Tata Safari pros and CONS: 
1. Absolutely brilliant build quality , second to none 
2. Brilliant ride , handling and comfort 

CONS: 
1. Disastrous Reliability 
2. Disastrous After Sales Service 
3. Disastrous Mileage 
4. Disastrous Paint Quality 
5. Exceptionally Highest Part replacement cost with service cost",1,2023-10-15T18:48:36Z,Negative
@dheeraj8001,Hybrid version of safari will be a great move considering the current norms on the diesel engines.,7,2023-10-15T18:43:10Z,Positive
@chetmak81,"7:55 has anyone noticed the uneven finish of the plastic housing of the USB ports, surely Tata ğŸ˜‚",8,2023-10-15T18:11:01Z,Positive
@rohitupadhyay319,Tata has done a great job of sending even more Safaris to Service Centre...,9,2023-10-15T17:53:55Z,Positive
@thelowkeygentleman,But where is AWD/4WDâ€¦??,0,2023-10-15T17:48:13Z,Negative
@warrierstar1,Any plans for Safari to come with the hybrid model?,0,2023-10-15T17:26:20Z,Negative
@suhail12543,I refuse to accept it as a true safari until its gets 4x4 until then its a Harrier with Back HumpğŸ˜…,1,2023-10-15T17:24:41Z,Positive
@ajaysinghthakur540,Just an Design update & Nothing new with respect to Engineering....Its really unexpected from TM.....AutoRepd,0,2023-10-15T17:19:41Z,Positive
@mkpatnaik9319,"Tata has to do a serious face lift to its quality of service. No matter how trendy and tech loaded cars it's brings, it falls into a deep gutter in terms of service. As a sad tata user, think of service before you buy a Tata. It is a pain.",2,2023-10-15T17:16:57Z,Negative
@almightyhimself9284,"i must say, this guy is really sharp and dominant.  keeps the focus on himself as we as the car.  nice wayferers too.",0,2023-10-15T17:15:10Z,Positive
@ShubhamMachivale,Tata is way ahead from all cars manufacturers â¤â¤,2,2023-10-15T17:04:20Z,Negative
@ovisheksarkar1172,Best Product right now â¤â¤â¤,0,2023-10-15T17:01:35Z,Positive
@ADOPT_HECKLER,What is the exact criteria to be up market? Cars are slowly becoming like children toys in India sadly we have to blame no one else but us.,0,2023-10-15T17:01:23Z,Positive
@ruturajfakatkar1758,Tata is still stubborn they should have offered AWD option because an SUV is which is FWD is not an SUV itâ€™s just a crossover. Anyway the people who know the definition of an SUV will skip this car. I know city driving will not require 4WD but atleast an option was worth considering.,1,2023-10-15T16:54:31Z,Positive
@sd-ru3fg,Tata logo is not appealing,0,2023-10-15T16:54:20Z,Negative
@theunemployedmind,"Tata, the absence of physical buttons is a deal-breaker for me. While I was excited about considering the Harrier or a Safari, I prioritize safety and convenience. Despite Tata's excellent crash ratings, I have 15 years of driving experience in basic cars like the 800 and Alto, which lacked safety features. This has made me a cautious driver. For the past five years, I've enjoyed the security of advanced safety features, so fumbling with non-physical controls and diverting my attention from the road doesn't make sense. I'll have to pass on these vehicles.",9,2023-10-15T16:52:23Z,Positive
@kunwersingh560,It looks like Tata motors intentionally make safari more good looking than Harrier.,0,2023-10-15T16:51:01Z,Positive
@1priyansh,"Still there is no option for 4wd, atleast AWD Should have been there",0,2023-10-15T16:47:35Z,Negative
@rishiktiwari,They first need to make the Safari boxy again! It looks like a toy.,0,2023-10-15T16:40:17Z,Positive
@pradeepambat9448,Only thing remaining is for Tata to gets its act together in customer service and quality control.,0,2023-10-15T16:37:56Z,Negative
@prateektaunk7763,"After so many upgrades in safari series. It's surprisingly still not close perfect. 
White seat covers in a Sports Utility Vehicle is just senseless. Glossy touch panels hard to use are also unsafe and scratch prone. I also wouldn't like to scratch my phone on that wireless charger. Sunroof being India's big demand is just useless again. 
Paddle shifters also don't seem to work well. Will have to wait for another upgrade.",3,2023-10-15T16:27:41Z,Positive
@bala-ok6qn,All okay but how about the Quality and reliability of the features added and also the  after sales service is so poor ğŸ˜¢,1,2023-10-15T16:26:34Z,Positive
@kunwarprateeksingh3403,Tata should sell these products in all Right hand drive markets,0,2023-10-15T16:10:46Z,Positive
@divyangdodia167,"Love or hate the usage of the badge Safari, but you can't ignore the sheer road presence and awesome look of this car",5,2023-10-15T16:07:14Z,Positive
@bhaumik331,"I want the supple ride which you said in the video this isn't....So which Car has the best suspension comfort, upto 20-25 lac. 

Â¿????????????Â¿â€½",0,2023-10-15T16:00:53Z,Positive
@sudharsansathiamoorthy1075,Awesome review from Autocar as always ğŸ‰ğŸ‰,0,2023-10-15T15:40:57Z,Positive
@lalithadithyayt,The fake wood looks extra fake â€¦â€¦,1,2023-10-15T15:36:59Z,Negative
@shivakumarparthasarathy4444,Is it a frame on ladder retaining safari dna! Is it high seating? Why can't tata offer flush centre dash display instead of a prime tive ugly display screen sticking out. Ugly steering. Can you down shift with paddle shifter with braking ?,1,2023-10-15T15:21:20Z,Negative
@saliloza5461,Still love the dicor variant of the Safari. That looked like a proper Indian suv.,0,2023-10-15T15:19:39Z,Positive
@albertsmannoor1530,i dont think safari can still match with 700  when it comes to ride and handlng.,2,2023-10-15T15:12:28Z,Negative
@mohanjitaakmohanjitaak4365,â¤â¤tata,0,2023-10-15T14:58:35Z,Negative
@itznavroon,Always Safariâ¤,0,2024-12-03T02:35:25Z,Negative
@shineace77,Wonderful Video with great perspective for someone trying to decided between Safari and Harrier,0,2024-03-17T15:25:10Z,Positive
@madhavendrashenoy,Awesome video â¤,0,2024-01-09T18:45:11Z,Positive
@BunnyPuniaVideos,And here is the full Safari review off the road - https://www.youtube.com/watch?v=VYRE8eoLyJc,14,2021-02-01T03:31:06Z,Positive
@Thetruth015,Bhai mujhe samajh nhi aa rha hai ki mai Safari lu ki Herrier dono ki XT+ varients lunga aap log mujhe btao ki mai kaunsi car lu plz btao ğŸ™,1,2022-02-07T16:11:13Z,Negative
@joybanerjee5168,Good information if you can stretch safari makes better with additional features stil missing some features 360 camera which is must for such a big vehicle,0,2022-02-03T20:02:07Z,Positive
@ShubhamSingh-hi5qy,Old tata safari had its own iconic lookğŸ”¥ which is now gone.. Though the front design which is same as harrier is great but considering the history of safari and its features tata didn't gave safari its own characteristic look or even a modified version of old one which could bi so good if implemented . now its a like harrier pro or plus version model.. ( hyundai also did that in case of alcazar ),0,2022-02-01T16:28:53Z,Positive
@farhaadkhaann,Tata harier,0,2022-02-01T04:41:00Z,Negative
@sumathisuma8078,Nice explained and good camera man,1,2021-12-24T13:44:20Z,Positive
@manmeetonline2002,"Harrier seats folded are not flat, whereas Safari seats when folded are absolutely flat.",0,2021-11-08T14:41:24Z,Negative
@gamingstudio2257,In back and side profile harrier looks more aggressive than safari .... It looks very stunning ğŸ˜ğŸ˜,6,2021-09-27T07:31:22Z,Positive
@BeastGaming-uh1pn,Harrier also get all wheel disc brakes now.,0,2021-09-13T04:00:22Z,Negative
@akshatsemwal7009,Hindi Mai bnate toh accha rhta,0,2021-09-07T13:22:44Z,Negative
@trade961,Bhai hindi me video banao....adhe logon ko samajh nhi ayega,0,2021-09-03T09:54:38Z,Negative
@Adnan_sus,Dono alag hai kyağŸ˜‚ğŸ˜‚,0,2021-09-01T16:56:24Z,Negative
@nishantssinha00,Bhai hindi nahi aati kyaa,0,2021-08-06T18:34:49Z,Negative
@anshjodhani9166,Who else is fan of TATA ğŸ”¥ğŸ”¥ğŸ”¥ğŸ”¥ğŸ”¥,3,2021-07-04T12:32:22Z,Negative
@paraspatel127,Bhai Angrej ho kya English mein bol rahe ho Hindi mein bolo yaar,0,2021-07-03T13:11:25Z,Negative
@dcsingh8790,Nice information,0,2021-06-18T16:04:22Z,Positive
@rudharpartap17,Why Tata do not launched Safari in black colour it  would totally looks like a beastğŸ˜ˆ,0,2021-05-24T14:16:08Z,Negative
@KashifKhan-jh8vd,Harrier win,0,2021-05-22T17:09:33Z,Positive
@mrutyunjaypatra7700,"Tata cars have the best back looks 
But front looks sucks",0,2021-05-10T17:47:29Z,Positive
@asrasr8206,ğŸ‘TATAğŸ˜˜,1,2021-05-09T19:12:29Z,Negative
@punyobamang3977,Best comparision review...,1,2021-05-08T18:08:34Z,Positive
@xplorer130,I love both â¤ï¸,1,2021-04-30T07:59:03Z,Positive
@tusharravrani5393,Ayus bhai safari lena,0,2021-04-19T04:54:00Z,Negative
@hirumadavi8822,Drive ka review kon dega.... adha adhura kam krte hi kyu ho.,0,2021-04-12T09:47:56Z,Negative
@azharqazi4751,"Wht the f ğŸ™„
Both front Bumper r same
Fog lamp head lamp drl r same.. rear n side shape r similar.
Tata produces twins for the first time in automobile history",2,2021-04-09T14:50:55Z,Positive
@LOVEGODFEARSIN,Very well explained. Very simple n lucid. Keep it up,1,2021-03-29T17:33:17Z,Positive
@debasishbehera3132,Best vs best koi kisi se kami nahi,0,2021-03-29T02:31:15Z,Positive
@PLASSMA25,"Credit for both must go to FIAT, both of them running on 170 ps kyrotec FIAT sourced engine.. TATA is just developing bodies and interior and making people foolğŸ˜‚.. go FIAT go...",0,2021-03-28T19:39:23Z,Negative
@a8hi_24__,"Dono same lagti hai aage ,piche see ğŸ˜‚",1,2021-03-28T04:43:16Z,Negative
@nzpuffdevnaga1763,Tata Harrier looks too incomplete Infront of Tata Safari ğŸ˜‚,0,2021-03-23T08:21:37Z,Negative
@Rudraksh_chhetri,"Like :- for Tata Safari 2021 
Comment :- for Tata harrier",1,2021-03-22T14:48:18Z,Negative
@ThatGamerisPro,I love harrier,0,2021-03-21T06:36:01Z,Positive
@msrv2293,"Ther is hardly any difference other then the name
.........",1,2021-03-16T17:32:31Z,Negative
@leakedzebra,It's the same car ğŸ¤¦,0,2021-03-15T20:51:48Z,Negative
@topicsnow7014,Great Vedio ji,1,2021-03-13T14:07:22Z,Positive
@Anonymous-vj4dv,Is there any price difference ?,1,2021-03-13T13:14:43Z,Negative
@influff7435,Tata should make a 4x4 car around 25 lacs,1,2021-03-10T15:05:12Z,Negative
@dba1996,"Safari all wheel disc brakes 
Harrier front disc rear drum",0,2021-03-06T14:58:05Z,Negative
@mahlawat12,Old Safari was legend. Im sad. I don't like it. It was a trademark. Look at Mahindra.. they kept Scorpio same.,1,2021-03-06T12:27:52Z,Negative
@madhukeshwaryavagal1505,Same look.. disappointed,1,2021-03-06T06:30:44Z,Negative
@aaditgoyal2317,The leather color on the Harrier is better,0,2021-03-05T01:34:24Z,Positive
@sukhsarpanch7347,Best harrier or Safari ğŸ™„ which one choose,1,2021-03-04T09:25:34Z,Positive
@yadhavkrishna5520,Do the harrier off roading video,0,2021-03-03T22:50:40Z,Negative
@jemsncrystals,Swa ekko hi a dono.,0,2021-02-23T05:47:36Z,Negative
@bikashkeisham7280,Safari has IRA but harrier don't.,0,2021-02-23T03:12:15Z,Negative
@Navyguy,*I aas looking for this comparison for a week now...* ğŸ™â¤,2,2021-02-22T04:43:30Z,Negative
@lkyalltech.5097,i m 888th person who liked this video ğŸ˜... yoo folks please subscribe this channel he has superb knowledge like me ğŸ¤—... ğŸ˜ğŸ’,1,2021-02-15T11:35:10Z,Positive
@TANISHXHZ60,Speak in hindi,0,2021-02-13T04:56:35Z,Negative
@786katty,What the ground clearance of Tata Safari?,0,2021-02-13T03:42:45Z,Negative
@Deepeshyadavjr,@bunnypunia kindly dont spread rumours. Even harrier have Auto dimming IRVM. kindly check your video at 5:00,1,2021-02-12T15:35:16Z,Positive
@raymondmarboh7699,wow looking beautyful nice new safari,1,2021-02-11T14:36:04Z,Positive
@manthanpatel6064,Tata safari is best...King is back,2,2021-02-10T16:38:16Z,Negative
@Abhilash_pandit,7 is good car,0,2021-02-10T13:39:02Z,Positive
@tejasrana2201,"bro harrier now gets an auto dimming irvm in xza+, i have one myself lol",4,2021-02-10T03:37:00Z,Positive
@KeenyNewton,Spot on video .. the feature list back to back comparison .. just the facts and the final verdict .. thanks for not putting any drama on this Bunny ğŸ‘,5,2021-02-07T06:37:13Z,Positive
@er.m.s8930,"Not happy with TATA MOTORS.
safari is just like newer model of harrier.
    They should have made much more differences between the two specially in the cosmetics.
Very dissapointed",0,2021-02-06T15:16:13Z,Positive
@akshayakapoor1402,"You should've compared the top model harrier with the safari. Harrier xz+ has auto dimming irvms, electronically adjustable seats and a panoramic sunroof. Get your facts right sir",1,2021-02-06T11:30:53Z,Positive
@udithpandian9178,So amazing cars. Unfortunately out of budget. Hoping that scorpio or xuv are well priced.,5,2021-02-06T11:24:25Z,Positive
@khichi1985,U should have bought the bs6 Harrier.,0,2021-02-06T05:49:17Z,Negative
@bhushanlangde1048,"Mothi sister ahe safari..
Bas itkach",1,2021-02-06T02:35:03Z,Negative
@kdg81,When is petrol Harrier being launched?,1,2021-02-05T19:45:27Z,Negative
@isaca7358,Net net- safari nor worth the extra money?,0,2021-02-05T14:18:41Z,Positive
@guru-su3fk,Tata safari not so appealing.. Rather introduce another varient in harrier... Tata has taken wrong step,1,2021-02-05T11:35:46Z,Negative
@johurulislam7933,"Greetings,
You have wonderful skill and enlightening energy..

Great cinematography... Hats off to you 

Have a wonderful time ahead",2,2021-02-05T04:55:51Z,Positive
@291rajk,Harrier+seat in boot = safari ğŸ˜,2,2021-02-04T11:12:20Z,Negative
@kiranravoori8363,I still go with Harrier..,2,2021-02-04T09:20:11Z,Negative
@SBRIndia,The best comparo video out there ! To the point - Direct and brilliantly shot !,6,2021-02-03T16:36:42Z,Positive
@rochenruyi6547,Safari looks ungly,0,2021-02-03T14:13:14Z,Negative
@rdarshan256,"tata nay desine me chutiya paa kar diya thoda ta or koi desine deyte safari he yaar.....  Tata done nothing-special for safari it can be desined in best segment for fight with other cars to grow in market... I love tata i support tata just giving my small correction on desine or new face lift 
This can be done for more great  looks for safari.... #saffari #madeinindia #safetycars 
#love Tata 
Tata loves the country by giving best product with quality and with great safty.",0,2021-02-03T09:28:44Z,Positive
@SainkyVlogs,Same h,0,2021-02-03T06:00:34Z,Negative
@tarunswheels3705,0 -100 test between harrier n safari to know the pickup due to extra weight added,3,2021-02-03T05:28:13Z,Negative
@Gladiatorking7,Harrier+ vs harrier,1,2021-02-03T03:39:33Z,Negative
@jakselian,So the new safari is a 7 seater harrier?,4,2021-02-02T12:10:54Z,Positive
@shreekanths2090,Safari has different mkt segment compared to harrier . It is evident from you video as well,5,2021-02-02T08:17:50Z,Positive
@Userpj001,"Underated channel 
Good content ğŸ‘ŒğŸ‘Œ",1,2021-02-02T07:33:57Z,Positive
@gajrajrathore4915,"HARRIER :- range rove eqoue
Safari :- land rover discovery",77,2021-02-02T05:57:55Z,Negative
@bhushanramdham,That's just a Harrier 7 seater,6,2021-02-02T03:16:16Z,Negative
@mayanksingh7835,"Dislike for fast transition.. bhai gaadi dekhne k liye video dekh rahe hai.. na k teri video editing style.. itne fast frame change ho rhi hai kuch samjh hi nhi ata.. pause b karo itne me to dusra scene ajata hai.. 
Public k liye video banya hai ya khud ki video editing style ka presentation dene k liye.. to bhai wo b bakwas hi hai.. bigg dislike",1,2021-02-01T18:23:39Z,Positive
@ankittanwar2025,"*feedback*
1 Full Digital instruments cluster
2 electric boot
3 ventilated seats
410 inch screen
5 different alloys
6 sun blind
ğŸ”¥ğŸ”¥ğŸ”¥ğŸ”¥
what do you think bunny ?",8,2021-02-01T18:07:01Z,Negative
@wasilshaikh909,i think tata has taken a wrong step by launching tata Safari almost identical to the harrier,27,2021-02-01T17:21:18Z,Negative
@rajputrana1,Best review of Tata Safari today. All other reviewers crying safari is just a harrier+ but this guy nails it like a pro.,55,2021-02-01T17:20:52Z,Positive
@samrat14778,à¤®à¤¨à¥‡ à¤…à¤¬ à¤•à¥à¤¯à¤¾ à¤œà¤¿à¤¨à¥à¤¹à¥‹à¤¨à¥‡ 20à¤²à¤¾à¤– à¤–à¤°à¥à¤š à¤•à¤° à¤¹à¥‡à¤•à¥à¤¸à¤¾ à¤²à¥€ à¤µà¥‹ à¤¤à¥‹ à¤†à¤–à¤¿à¤° à¤šà¥‚à¤¤à¤¿à¤¯à¤¾ à¤¬à¤¨ à¤—à¤¯à¥‡,2,2021-02-01T17:12:09Z,Negative
@pravinishi3716,Tata ne fail kardi Tata Safari Tata harrier ki copy,2,2021-02-01T16:35:18Z,Negative
@pritishchoudhury2995,"Two minor correction, auto dimming mirror is there is Harrier but it comes in XZ/XZA+ only not in lower variant (not even in XZ and XZA). Mood lighting is not present at all in Harrier.",3,2021-02-01T13:23:18Z,Negative
@shauryaditya802,Wrong harrier have auto irvm,1,2021-02-01T08:59:11Z,Negative
@sushantrai428,Sir please do milage run also city and highway run  both!,0,2021-02-01T08:04:31Z,Negative
@sy5918,Harrier looks more sportier ğŸ”¥ğŸ”¥ğŸ”¥,8,2021-02-01T06:03:04Z,Positive
@jagatbisht24,Harrier doesn't have mood lighting!,1,2021-02-01T04:45:46Z,Negative
@two_wanderedsouls,Sir I have booked a harrier xz plus. Should I change to safari xz plus what is your opinion,4,2021-02-01T04:41:43Z,Negative
@shaktinathjha4453,"Informative Video, The new Safari has now started appealing me more than the Harrier ğŸ˜…",54,2021-02-01T03:59:27Z,Positive
@Wealth_Express,Top model harrier comes with a auto dimming rear view mirror.,33,2021-02-01T03:52:31Z,Positive
@Pratham_Maurya,Nice bro ğŸ‘Œ,2,2021-02-01T03:32:16Z,Positive
@AmeyGokhale-255,Build quality bulletproof hai bhai ğŸ’ª,0,2025-08-06T14:45:45Z,Negative
@ChiranjeevSaran,Safari's interior looks like itâ€™s from a 40L car fr ğŸ‘€,0,2025-08-06T11:40:50Z,Negative
@ChetanSharma-k9y,Amazing ğŸ˜ğŸ‘,0,2025-08-05T16:56:03Z,Positive
@YouTube,can confirm: he never gave us up,115703,2025-04-22T19:05:08Z,Negative
@TinkanManofficial,Curse you Sam Sulek,0,2025-10-03T23:28:40Z,Negative
@Daspostizzo,This time youv been rick rolled by choice,0,2025-10-03T23:16:21Z,Negative
@rahmadcoleman4905,Whoâ€™s here after the CaseOh video,0,2025-10-03T23:14:08Z,Negative
@PapawMamaw-i2k,Got rick rolled by an ai while testing my code with yt-dlp/ffmpeg ğŸ˜‚,0,2025-10-03T23:05:12Z,Negative
@analu7175,Hello,0,2025-10-03T22:51:11Z,Negative
@ShinkuNakamoto,The Classics never die ğŸ˜«ğŸ˜«ğŸ˜«,0,2025-10-03T22:49:53Z,Negative
@luisitoyt9986,Jajajaj quien cobrÃ³ mi beca ğŸ˜‚ğŸ˜‚ğŸ˜‚ğŸ˜‚ğŸ˜‚ğŸ˜‚ğŸ˜‚ğŸ˜‚ğŸ˜‚ğŸ˜‚ğŸ˜‚ğŸ˜‚ğŸ˜‚ğŸ˜‚ğŸ˜‚ğŸ˜‚ğŸ˜‚ğŸ˜‚ğŸ˜‚ğŸ˜‚ğŸ˜‚ğŸ˜‚ğŸ˜‚ğŸ˜‚ğŸ˜‚ğŸ˜‚ğŸ˜‚ğŸ˜‚ğŸ˜‚ğŸ˜‚ğŸ˜‚ğŸ˜‚ğŸ˜‚ğŸ˜‚ğŸ˜‚,0,2025-10-03T22:49:02Z,Negative
@dmd230,La beca? ğŸ˜‚,0,2025-10-03T22:47:03Z,Negative
@3lazinflava,"Weâ€™re no strangers to love
You know the rules and so do I
A full commitmentâ€™s what Iâ€™m thinking of
You wouldnâ€™t get this from any other guy

I just wanna tell you how Iâ€™m feeling
Gotta make you understand

Never gonna give you up
Never gonna let you down
Never gonna run around and desert you
Never gonna make you cry
Never gonna say goodbye
Never gonna tell a lie and hurt you

Weâ€™ve known each other for so long
Your heartâ€™s been aching but youâ€™re too shy to say it
Inside we both know whatâ€™s been going on
We know the game and weâ€™re gonna play it

And if you ask me how Iâ€™m feeling
Donâ€™t tell me youâ€™re too blind to see

Never gonna give you up
Never gonna let you down
Never gonna run around and desert you
Never gonna make you cry
Never gonna say goodbye
Never gonna tell a lie and hurt you",0,2025-10-03T22:43:23Z,Negative
@jonahrantslol,"1 billion ppl whatched this, wow",2,2025-10-03T21:59:51Z,Positive
@Imthepossiblepersonyouveseen,0:39 MAKE YOU UNDER STAND,0,2025-10-03T21:49:29Z,Negative
@milkburger88,I just feel like I should mention i got rickrolled because I saw a  shirt in GOODWILL with a QR code on it. When I scanned it it went to this. Fuck goodwill /srs /thishappened,0,2025-10-03T21:30:43Z,Negative
@HarryFritzgerald,Ooo ooo ooo ooo ooo oooâ€¦,0,2025-10-03T21:23:50Z,Negative
@yosoyelepe,bro i got rickroled by mr youtube my playlist got this into it,0,2025-10-03T21:22:35Z,Negative
@CameraCam16924,"My teacher has a link on his website titled â€œHow to earn extra creditâ€
That link lead to this video",1,2025-10-03T21:20:08Z,Negative
@hatiangoomah,I wish for you or me our we sharing really,1,2025-10-03T21:14:58Z,Positive
@SuperJuansiYT,"I just got here by typing ""Open a new tab with a rickroll"" into perplexity comet. Idk at all if this can be useful or its just a microsofty gimmick",2,2025-10-03T21:09:20Z,Positive
@Asher_leon,Dayum so thereâ€™s never a new test coming out,1,2025-10-03T20:59:53Z,Negative
@SuMeGuNi,Biggest meme of the old centurysğŸ˜¢,0,2025-10-03T20:49:53Z,Positive
@moisesmorales2280,I scanned jakegrass vid we code and it lead me to this,0,2025-10-03T20:47:43Z,Negative
@jeremaeeeh,fluixon brought me here,0,2025-10-03T20:43:06Z,Negative
@mahamadousoumare5426,Where is my choglist ğŸ˜­ğŸ˜­,0,2025-10-03T20:21:34Z,Negative
@EggedCat,But the link said free robuxâ€¦ WAIT A SECOND,0,2025-10-03T20:06:44Z,Positive
@PIZZAS_FROM_ALL_AROUND,Wait this isnt ronaldos retirement,0,2025-10-03T20:01:47Z,Negative
@Dev-Siri,got rickrolled in the big 25 ğŸ¥€ğŸ’”,0,2025-10-03T19:51:10Z,Negative
@ButterflyDawn_WCUE,"â€¦and I thought I could proudly say Iâ€™ve never been and never will be rickrolledâ€¦

Until ChatGPT rickrolled me",0,2025-10-03T19:50:30Z,Positive
@Muckice,I just scanned a qr code on a street ğŸ¥€ğŸ¥€ğŸ¥€,1,2025-10-03T19:39:28Z,Negative
@ViktorRaleski,Nahh i scaned the qr code from mrwhosetheboos's video ğŸ¥€ğŸ¥€ğŸ¥€ğŸ™ğŸ™ğŸ™,0,2025-10-03T19:34:45Z,Negative
@tomdelaney-s8f,i got rick rolled from temu,0,2025-10-03T19:30:30Z,Negative
@AyaanRahman446,https://youtu.be/dQw4w9WgXcQ?si=p7dsgxQ5ULY8lT_Mâ€¦,0,2025-10-03T19:06:34Z,Negative
@AyaanRahman446,https://youtu.be/dQw4w9WgXcQ?si=p7dsgxQ5ULY8lT_M,0,2025-10-03T19:06:13Z,Negative
@AyaanRahman446,https://youtu.be/dQw4w9WgXcQ?si=p7dsgxQ5ULY8lT_M,0,2025-10-03T19:06:09Z,Negative
@AyaanRahman446,https://youtu.be/dQw4w9WgXcQ?si=p7dsgxQ5ULY8lT_M,0,2025-10-03T19:06:06Z,Negative
@AyaanRahman446,https://youtu.be/dQw4w9WgXcQ?si=p7dsgxQ5ULY8lT_M,0,2025-10-03T19:05:58Z,Negative
@lil_demo_right,"We're no strangers to love
You know the rules and so do I
A full commitment's what I'm thinkin' of
You wouldn't get this from any other guy
I just wanna tell you how I'm feeling
Gotta make you understand
Never gonna give you up, never gonna let you down
Never gonna run around and desert you
Never gonna make you cry, never gonna say goodbye
Never gonna tell a lie and hurt you
We've known each other for so long
Your heart's been aching, but you're too shy to say it
Inside, we both know what's been going on
We know the game and we're gonna play it
And if you ask me how I'm feeling
Don't tell me you're too blind to see
Never gonna give you up, never gonna let you down
Never gonna run around and desert you
Never gonna make you cry, never gonna say goodbye
Never gonna tell a lie and hurt you
Never gonna give you up, never gonna let you down
Never gonna run around and desert you
Never gonna make you cry, never gonna say goodbye
Never gonna tell a lie and hurt you
We've known each other for so long
Your heart's been aching, but you're too shy to say it
Inside, we both know what's been going on
We know the game and we're gonna play it
I just wanna tell you how I'm feeling
Gotta make you understand
Never gonna give you up, never gonna let you down
Never gonna run around and desert you
Never gonna make you cry, never gonna say goodbye
Never gonna tell a lie and hurt you
Never gonna give you up, never gonna let you down
Never gonna run around and desert you
Never gonna make you cry, never gonna say goodbye
Never gonna tell a lie and hurt you
Never gonna give you up, never gonna let you down
Never gonna run around and desert you
Never gonna make you cry, never gonna say goodbye
Never gonna tell a lie and hurt you",0,2025-10-03T19:02:36Z,Negative
@beastea1108,Wait this isnt the link to a in-dept video tutorial on how to open a succesful doner kebab shop in 2025,0,2025-10-03T18:44:45Z,Negative
@asmaafouad9406,"Fake 
Loser fake video",0,2025-10-03T18:44:16Z,Negative
@JamE-d3r5h,https://youtu.be/Mz2j7JVMShM,0,2025-10-03T18:25:52Z,Negative
@neerrraj,Who came from freshers grp,1,2025-10-03T18:04:37Z,Negative
@HI_im_SANDRA,WHO CAME FROM THE LINK ON TIKTOK,0,2025-10-03T18:00:56Z,Negative
@POMAGRANATEJUICE,.,0,2025-10-03T17:45:56Z,Negative
@CharlieBBPanzuFNFVlogs1993,pero es un es la canciÃ³n pero wey the rick astley,1,2025-10-03T17:36:55Z,Negative
@Staylovesgtag,Came here from a discord link saying he â€œwas playing gta6â€ ğŸ’€,3,2025-10-03T17:27:13Z,Negative
@AxolotlRants,i made a virus that opens this upğŸ’€ğŸ’€ğŸ’€ğŸ’€ğŸ’€ğŸ’€ğŸ’€ğŸ’€,1,2025-10-03T17:02:29Z,Negative
@Idontcare22_,"""RUN AT THE CUP"" SENT ME HERE.",3,2025-10-03T16:42:23Z,Negative
@AtzHooligan_Offical,I might be the first person to come to this video just to vibe to it,1,2025-10-03T16:36:59Z,Positive
@MegaNexas,Day 1380 of getting Rickrolled Everyday,0,2025-10-03T16:36:05Z,Negative
@johnnybrandao7459,Oi,0,2025-10-03T16:34:00Z,Negative
@johnnybrandao7459,ğŸ˜‚,0,2025-10-03T16:33:50Z,Negative
@Ğ’Ğ¾Ğ»Ğ¾Ğ´Ñ45Ğº,Ğ¯ Ğ²ĞµÑ€Ğ½ÑƒĞ»ÑÑ Ğ¸ Ğ´Ğ»Ñ Ğ¼ĞµĞ½Ñ ÑÑ‚Ğ¾ Ğ½Ğµ Ğ¼ĞµĞ¼,0,2025-10-03T16:30:18Z,Negative
@CarlosGonzalez-cm5up,chat gpt sent me a link to redirect me here fml,0,2025-10-03T16:17:51Z,Negative
@aynuravc7903,SaÄŸol artÄ±k bÃ¶yle ÅŸeyleri bende yapabilecem,1,2025-10-03T15:55:48Z,Negative
@randomguy09-m8c,YouTube recommended this I got rickrolled ğŸ˜­ğŸ™,4,2025-10-03T15:47:38Z,Negative
@ScotzzzTV,bro got 1.7B views ğŸ’€,2,2025-10-03T15:45:19Z,Negative
@Jackgames29,I donâ€™t see any place to buy Kira coin here,2,2025-10-03T15:41:24Z,Negative
@Carasel-v9p,Mryeester pov:,1,2025-10-03T15:39:44Z,Negative
@BestFwz,Hauli hahaha fawzan the great se penga nhi hauliğŸ˜‚ğŸ˜‚ğŸ˜‚ğŸ˜‚ğŸ˜‚,1,2025-10-03T15:28:16Z,Positive
@JackIsStupad,first time to regret try youtube premium and ad blocker,1,2025-10-03T15:25:31Z,Positive
@greetfarhan-wl2pe,Hauli hahaha merse panga nhi,0,2025-10-03T15:25:13Z,Positive
@AlexKevin-p6m,I just rickrolled my friends,0,2025-10-03T15:15:44Z,Negative
@KasturiBisnath-Obisesan,This is not edexcel maths past papersğŸ˜¢,0,2025-10-03T15:13:29Z,Negative
@Ilikeusingrickroll,That's one discord links that takes you hereğŸ¥€,0,2025-10-03T14:43:30Z,Negative
@yi1873,youtube why did you make a mixlist with virtual insanity music video's thumbnail to bait me into listening to itğŸ˜­ğŸ˜­ğŸ˜­,0,2025-10-03T14:34:54Z,Negative
@InkoHere,wait this isnt the nitro my friend wanted to gift me,1,2025-10-03T14:08:50Z,Negative
@lebazardeisaak,"never gonna say gooodbye, no we don""t say goodbey to this masterpiece :)",0,2025-10-03T14:01:58Z,Positive
@Yokki-z3t,ğŸ¤– Ğ¢ĞµÑÑ‚Ğ¾Ğ²Ñ‹Ğ¹ ĞºĞ¾Ğ¼Ğ¼ĞµĞ½Ñ‚Ğ°Ñ€Ğ¸Ğ¹ Ğ¾Ñ‚ Ğ±Ğ¾Ñ‚Ğ°. Ğ’Ñ€ĞµĞ¼Ñ: 2025-10-03 16:54:22,1,2025-10-03T13:59:37Z,Negative
@Yokki-z3t,ğŸ¤– Ğ¢ĞµÑÑ‚Ğ¾Ğ²Ñ‹Ğ¹ ĞºĞ¾Ğ¼Ğ¼ĞµĞ½Ñ‚Ğ°Ñ€Ğ¸Ğ¹ Ğ¾Ñ‚ Ğ±Ğ¾Ñ‚Ğ°. Ğ’Ñ€ĞµĞ¼Ñ: 2025-10-03 16:53:56,1,2025-10-03T13:59:10Z,Negative
@fleshy.va833,this shit ball knowledge now ğŸ’”â¤,0,2025-10-03T13:52:54Z,Negative
@ZedroTF2,youtube mix playlist rickrolled me again,0,2025-10-03T13:46:19Z,Negative
@JoÃ£oPedroAlmeidabarros-g8h,Fui ler um cÃ³digo QR e deu nisso,0,2025-10-03T13:40:10Z,Negative
@alejandropaez1186,GODDAMNIT...,0,2025-10-03T13:30:46Z,Negative
@galrus-k4h,Fund original Rick rool,0,2025-10-03T13:22:57Z,Positive
@Ronaldo_Editzz17-Yt,Wait what the heck did I just get Rickrolled???Oh nah,1,2025-10-03T13:07:19Z,Negative
@B0xridel,Hi from Poland,1,2025-10-03T13:04:08Z,Negative
@aqwedcxz12,"Cut the Intern some slack, I read The Hustle every morning.",0,2025-10-03T13:02:22Z,Negative
@GioLastName,Hang on this isnâ€™t Postal 3,0,2025-10-03T12:52:55Z,Negative
@Mahedihassan07-b9w,c,0,2025-10-03T12:41:04Z,Negative
@hastirmans,ĞºÑ‚Ğ¾ Ñ Ğ²Ğ¸Ğ´ĞµĞ¾ ĞºÑƒĞ¿Ğ»Ğ¸Ğ½Ğ¾Ğ²Ğ° Ğ¿Ñ€Ğ¾ Ğ°Ğ½Ğ¾Ğ¼Ğ°Ğ»Ğ¸Ğ¸?,0,2025-10-03T12:37:15Z,Negative
@erutr,ad saved me,0,2025-10-03T12:36:37Z,Negative
@ritujanaidu1917,This song looks like an ad for the GAP,0,2025-10-03T12:23:30Z,Negative
@Jay-go3il,Boy go crazy wtf 2025ğŸ«¡,0,2025-10-03T12:02:28Z,Negative
@Astina-w4u,"Grand Theft Auto Vice City ğŸ™ï¸ 
Kisah Nyata 1986 Tahun 
Amerika Serikat ğŸ‡ºğŸ‡² Miami 
Hak Cipta @ Altus Games Infinity Wrds 2009",0,2025-10-03T12:01:07Z,Positive
@bnkundwa,The best of Aussie culture.,0,2025-10-03T11:56:46Z,Positive
@KubaKuba-l8g,To miaÅ‚ byÄ‡ darmowe Robux,0,2025-10-03T11:48:32Z,Negative
@TheMilwaukeeRoad,"300 million views till 2 billion people have been rickrolled. There's probably been a higher amount of people that have been rickrolled with other links, but almost 2 billion rickrolls on this video is actually insane.",1,2025-10-03T11:27:11Z,Negative
@sivakrishna8596,I enjoy this song i didn't get Rick rolled,1,2025-10-03T11:15:51Z,Positive
@galaxyestyo,AN ADD SAVED ME LOL,0,2025-10-03T11:13:23Z,Positive
@suhayla_67,https://www.youtube.com/watch?v=dQw4w9WgXcQ,0,2025-10-03T10:54:49Z,Negative
@RainbowDash731,F,0,2025-10-03T10:39:57Z,Negative
@ViraMalas,Just a masterpiece â€œhappy rick rolâ€,0,2025-10-03T10:36:37Z,Positive
@LaminalChing,i blame H1T1,0,2025-10-03T10:32:46Z,Negative
@thebaby9-b7b,1.6B views??!? mr beast is chattering,2,2025-10-03T10:09:39Z,Negative
@jincyshaji4804,Wait this is not the link to download GTA 6 for free,1,2025-10-03T10:05:02Z,Positive
@johnwati8346,woq,0,2025-10-03T09:35:51Z,Negative
@adrianturcanu8510,RIP this songğŸ’”ğŸ’”ğŸ’”ğŸ’” wish it is a meme againğŸ’”ğŸ’”ğŸ’”ğŸ’”ğŸ’”,0,2025-10-03T09:12:09Z,Negative
@aerobeguy,I thought the QR Code send me to waifus,1,2025-10-03T08:20:15Z,Negative
@es_tehXD.,how is this become my ad ğŸ˜­,0,2025-10-03T08:03:52Z,Negative
@sabinamajcen4478,"An add saved me from getting rickrolledğŸ’€
Thank the Holy AddsğŸ˜‚",0,2025-10-03T07:33:33Z,Negative
@FlorenceKavon,That was my favorite when I was a little girl,1,2025-10-03T07:25:27Z,Positive
@XMan2001X,He was super Kangaroo Jacked!,32,2021-03-04T20:38:29Z,Positive
@crimsonnva2599,Arkansas don't play man,15,2021-01-06T08:02:06Z,Negative
@r4m3n4u,kangaroo listens to NBA young boy,17,2020-06-15T18:29:55Z,Positive
@christinaarnold4106,Whoâ€™s watching in 2001,57,2020-04-16T06:37:33Z,Negative
@Freedi2of2,Ray making a new show on Youtube made me recap some =3 videos like this one. Won't forget this fucking kangoroo.,31,2020-01-02T21:52:16Z,Negative
@tunergaines8448,i approve this message!! lol do you even know bra!,8,2019-12-30T19:29:37Z,Positive
@Mage-Flower123,That kangaroo didnâ€™t even look normal and did you see the way he was flexing his muscles play bro,10,2019-11-24T22:02:26Z,Positive
@Warsletadeadchannel,0:34 lol,8,2019-10-20T15:23:32Z,Positive
@xxyeezy1213,El Camino,13,2019-10-10T21:01:40Z,Negative
@dottiedew8376,"best videos to rewatch while drunk. not gonna lie, I may be wasted",7,2019-09-13T02:44:45Z,Positive
@fabuloso1con144,This kangaroo remainds me of ricardo milosğŸ˜…ğŸ˜‚ğŸ˜‚,19,2019-07-23T11:41:16Z,Negative
@apadiyaaa,super video ray excellent..i m new youtuber.,9,2019-06-24T11:55:24Z,Positive
@jackiejohn7774,Why do I live in Arkansas,2,2019-06-18T06:01:10Z,Positive
@underpants325,June 3 2019 ayyyğŸ”¥ğŸ”¥ğŸ”¥,2,2019-06-03T08:18:14Z,Negative
@halftwisted3,"""Do you even fuck bro? """,16,2019-05-20T21:14:43Z,Negative
@SOULSNATCHER707,Goddamn he is funny. I lost it when he said this might be his cell mate. ğŸ˜‚ğŸ˜‚,28,2019-02-14T20:12:40Z,Positive
@pokemonfanya,Dude the last vid was insanity,2,2019-02-04T23:45:53Z,Negative
@XDCam15,2019?!?,79,2019-01-26T04:33:58Z,Negative
@thesaviordj2281,Itâ€™s been 4 years. This was the last real Ray episode of Equals 3.,48,2018-02-12T06:40:18Z,Positive
@liamreid5978,Y'all watching in 2018?,14,2018-01-11T03:03:09Z,Negative
@prabhudruler,Deez nuts,5,2018-01-04T01:23:33Z,Negative
@NIRM2009,2017 December 19th,3,2017-12-19T18:11:24Z,Negative
@lzaerlight4169,God bless you all have a great day!,3,2017-11-25T03:36:03Z,Positive
@poncicasas5948,D O  Y O U  E V E N  F U C K  B R O,10,2017-10-30T00:02:41Z,Negative
@6ucket,He's wearing the same sweater in the SHIET part,2,2017-09-17T00:12:20Z,Negative
@AlyLARockstar,2:24 GODDAMMIT ARKANSAS,5,2017-09-06T04:53:11Z,Negative
@AlexCassem,Who is here watching this in 2017?,3,2017-08-11T22:36:58Z,Negative
@Becherrr,Who's watching in 2017?,1,2017-07-30T22:20:28Z,Negative
@fcasw13,Whos watching in 2017? if so like this,2,2017-07-29T12:04:59Z,Negative
@Dautz,"Watching this in 2017, the fact that he said the squirrel ""is trying to bury its nut in the dog"" seriously is mindblowing",4,2017-06-18T05:09:16Z,Negative
@genkins23,:'( 2017,2,2017-06-18T02:53:59Z,Negative
@richarddrain8590,i hide my nuts in the laundry basket 2,3,2017-06-01T00:38:14Z,Negative
@MelvinDepeanus,Why dosent ray review Gangnam style,1,2017-05-31T12:09:15Z,Negative
@kellershadowhammerwizzy4408,1:45 moooooooo,0,2017-05-14T11:49:49Z,Negative
@reubenling6075,"1:07 , a squirrel trying to bury it's nut in a dog sperm",3,2017-04-14T04:54:08Z,Negative
@dwarvenostrich3678,I always hide my nuts in the laundry basket,1,2017-04-09T00:58:11Z,Negative
@a.l.i.v.e173,the good dayz...,1,2017-03-24T23:09:04Z,Positive
@cianmccormack1271,"""Bury a nut inside a dogs fur""",2,2017-02-28T13:26:42Z,Negative
@wozza_dev,"fun fact
buff kangaroo's flex in front of female kangaroo's to impress them",5,2017-01-15T02:08:35Z,Positive
@Andrea-my5np,"â™«...Ray-by come back...â™«
â™«...we can blame it on carlos...â™«
â™«...i'll get by, without seeing kaja...â™«
du du du dududu",3,2016-12-30T00:20:31Z,Negative
@emanueleferrero8095,still watching.,4,2016-12-19T05:48:21Z,Negative
@wispymanager3440,Ya haha,0,2016-11-22T08:08:37Z,Positive
@extra6839,17 November 2016.,2,2016-11-17T12:32:48Z,Negative
@kelvifreeman5397,I'm still here. Wow.,0,2016-08-25T02:51:52Z,Positive
@benb.7276,What's happening forum,1,2016-08-03T00:34:39Z,Negative
@Iamifitaly,I remember when Google glass was popular ğŸ˜‚ğŸ˜‚,1,2016-07-20T16:21:08Z,Positive
@doublemcbilly6175,Roger jr?,0,2016-07-10T12:00:25Z,Negative
@matt06011,WE WANT RAY BACK!!!!,1,2016-07-05T16:17:16Z,Negative
@hermanasparagus172,That cop vid was gameplay from battlefield hard line,0,2016-06-24T21:11:12Z,Negative
@chrichris2514,4 god damn cats wow,0,2016-05-04T01:13:09Z,Positive
@greenjoe4202,U know then fucks I have to give well buried em in the back yard. Lol,1,2016-05-03T11:15:09Z,Positive
@SHOGANEX,I tried to hide my nuts in a dog one time...,1,2016-04-30T17:02:43Z,Negative
@xuanathan,0:31 Furry's wet dream,2,2016-04-16T09:56:54Z,Negative
@jigglyj3576,did anybody else notice that they put Darth Vader in the credits,0,2016-04-15T11:18:31Z,Negative
@explosionmotionify,The meth head part sounds like a horror movie and the camera starts getting shaky and audio start getting distorted.,0,2016-03-28T06:31:55Z,Negative
@real_niggaravioli6636,ğŸ˜‚ğŸ˜‚ğŸ˜‚ğŸ˜‚ğŸ˜­ğŸ˜­ğŸ˜‚ğŸ˜‚ğŸ˜‚,0,2016-03-21T08:20:07Z,Negative
@NM-tattoos,anyone here in 2016?,8,2016-02-24T06:16:14Z,Negative
@fireboys2010,i feel really bad for the meth head when he looks in the camera. I think he is a peaceful soul,3,2016-02-20T20:59:18Z,Negative
@ethanevers1011,not even once,0,2016-02-11T03:12:58Z,Negative
@chris-j1091,"1:45, my reaction when i see or hear something about the Kardashian family...",1,2016-01-25T19:12:35Z,Negative
@deveshchalke1163,"i love u ray
i mean in the most homosexual way possible",121,2016-01-22T14:40:55Z,Positive
@TheSwainis,"Year bring him back right now!!!!!!!!!!!!!!!!!!!
!!!!!!!!!!!!!!!!!!!!!!!!!!!!!",9,2015-12-25T13:18:19Z,Positive
@gloriaruiz4400,He has pretty much a lot of weed,0,2015-12-22T19:55:10Z,Positive
@gloriaruiz4400,That is a huge kangarooğŸ’ªğŸ¿ğŸ’ªğŸ¿ğŸ’ªğŸ¿ğŸ’ªğŸ¿ğŸ’ªğŸ¿ğŸ’ªğŸ¿ğŸ’ªğŸ¿ğŸ’ªğŸ¿ğŸ’ªğŸ¿ğŸ’ªğŸ¿ğŸ’ªğŸ¿ğŸ’ªğŸ¿ğŸ’ªğŸ¿ğŸ’ªğŸ¿ğŸ’ªğŸ¿ğŸ’ªğŸ¿ğŸ’ªğŸ¿ğŸ‘ŠğŸ¿ğŸ‘ŠğŸ¿ğŸ‘ŠğŸ¿ğŸ‘ŠğŸ¿ğŸ‘ŠğŸ¿ğŸ‘ŠğŸ¿ğŸ‘ŠğŸ¿ğŸ‘ŠğŸ¿ğŸ‘ŠğŸ¿ğŸ’ªğŸ¿ğŸ’ªğŸ¿ğŸ’ªğŸ¿ğŸ’ªğŸ¿ğŸ’ªğŸ¿ğŸ’ªğŸ¿ğŸ’ªğŸ¿ğŸ’ªğŸ¿ğŸ˜,0,2015-12-22T19:52:51Z,Positive
@crabcakes9692,0:49,0,2015-12-04T12:11:54Z,Negative
@TheTHXMINECRAFT,THis show will be soooo good with twaimz xD,1,2015-11-28T16:33:01Z,Positive
@MaDClan101,Do you even fuck bruh ?,1,2015-11-25T00:38:12Z,Negative
@raymondmundine494,:(,0,2015-10-28T02:28:10Z,Negative
@henryharris3202,"Dogs like what's on my back 
Squirrel: DEEZ NUTZ",0,2015-10-12T11:10:32Z,Negative
@yousefmahmoud4078,do you even fuck brah??,2,2015-09-30T16:58:09Z,Negative
@purrfectwaffle8621,"Hey Ray, you know what they say about guys who own 4 Cats ğŸ˜€",2,2015-09-06T17:19:34Z,Positive
@EddieSpeck,Broscience parody :P,5,2015-09-05T09:14:38Z,Positive
@OAleathaO,"Wait...what happened to Ray bleeping out the swear words?  No, I don't have virgin ears but it was nice when you happened to be watching episodes with kids around.",0,2015-09-02T23:25:09Z,Positive
@joshlynn6195,Squirrel slaps are adorable,0,2015-08-26T04:48:32Z,Positive
@muffinfluff2476,"I have had a pet squirell because it was abandoned as a baby and as they are classed as vermin the RSPCA wouldnt take it in.

Our squiz 'cyril' also liked to bury nuts just everywhere! One day even in my stepdads armpits..",0,2015-08-22T23:54:22Z,Positive
@flyersfly6495,Im i The only one that dose a ray William maraton?,0,2015-08-14T12:46:36Z,Negative
@gabegodin2730,That game warden one was hardcore... Jesus. ,0,2015-07-31T09:08:42Z,Negative
@nd6708,DEEZ NUTS,0,2015-06-23T17:53:53Z,Negative
@tbg750,"NO YOU DONT,.... YOU DO NOT APPROVE THIS MESSAGE, AND YOU NEVER WILL. btw i need to hide my nuts",2,2015-06-21T04:13:24Z,Negative
@ArkOphanim,The meth head in the last video looks like Tommy Gun from GunvsGun,1,2015-06-20T21:49:20Z,Negative
@ariablaze8286,Lol,0,2015-06-14T02:16:54Z,Positive
@hamishhamilton7089,Koala. No bears here.,0,2015-06-11T09:22:58Z,Negative
@jaketyler3842,the dog is a burnese mountain they are so peacful because they are spacily raised,0,2015-06-04T11:16:23Z,Negative
@nicolasmoon8394,The cat thing had me Rollin xD,0,2015-05-11T04:46:47Z,Negative
@eyesontheinside5776,01:45 hilarious xDDDDDDDDD,0,2015-05-03T19:07:42Z,Positive
@MariaYakkers,If ray had a deep English accent is my sexuality would be deeply disturbed ,0,2015-04-15T22:23:50Z,Negative
@mia_bentzen,the squrriel hid its nuts in the loundry lol,0,2015-02-23T13:58:07Z,Positive
@965al3x,kangoroos flex so they intimidate other kangoroo males when they mate. it's a natural thing,0,2015-02-21T15:11:48Z,Negative
@derra2000,So Ray is a crazy cat bitch.,0,2015-02-08T20:16:55Z,Negative
@hamarbiljungskile8953,"""Trying to bury a nut"". There has to be something sexual in here, I just can't put my finger on it.",18,2015-02-07T20:24:05Z,Positive
@h2rv3rd,glock 18,0,2015-01-31T12:11:07Z,Negative
@babylungz4214,fuck you cops,0,2015-01-30T22:24:50Z,Negative
@zectec7464,Why did you quit what made you popular?,0,2015-01-27T20:29:52Z,Positive
@rachelcampbell2001,"In Australia that is what the ancient people of the land call a ""turkey sausage""",0,2015-01-27T09:34:39Z,Negative
@federicoiaryczower7075,Haha,0,2015-01-26T01:15:09Z,Positive
@nickcarter8887,Man he's kangaroo jacked ,1,2015-01-21T04:50:27Z,Negative
@mglgoofyz3326,kangaroos tend to flex when females are around ,0,2015-01-15T03:15:00Z,Negative
@MrOmegabob,I'm kinda surprised the cop didn't shoot ,1,2015-01-12T05:17:17Z,Positive
@Robozombie01,"Australia biatch
",0,2015-01-08T00:45:06Z,Negative
@yoted7729,I laughed so hard at that little squirrel and the dogs face!,0,2015-01-05T19:49:13Z,Positive
@Galaxyuy-i7u,Amor deste Nicaragua ğŸ‡³ğŸ‡® â¤â¤â¤â¤â¤â¤â¤â¤â¤â¤â¤â¤â¤,0,2025-10-03T23:48:34Z,Negative
@AMITJATAV2080,"Song environment like 
dying light game ğŸ®",0,2025-10-03T23:47:25Z,Negative
@AMITJATAV2080,Before 10Billions views,0,2025-10-03T23:45:54Z,Negative
@joaocostabroker,Mi musica preferida muchissimo buena,0,2025-10-03T23:44:24Z,Negative
@RussianDrunkBall,8 billion views...this video can easily be considered an intangible asset of YouTube.,0,2025-10-03T23:44:00Z,Positive
@KamronMeghani,i am here on october 3rd,1,2025-10-03T23:34:16Z,Negative
@ercansari4843,2:06,0,2025-10-03T23:32:59Z,Negative
@danaqushtom1671,Dana here,1,2025-10-03T23:30:39Z,Negative
@MihajloNesic-u8i,Anyone 4st october 2025,0,2025-10-03T23:25:13Z,Negative
@Matin_MG1,Wtp 8b â˜ ï¸â˜ ï¸,0,2025-10-03T22:54:35Z,Negative
@HenryChacon-m9t,Besuqueada ue,0,2025-10-03T22:35:17Z,Negative
@tRyXy_oN_0pInG,"2025: people come to checkviews.
2033: people are robots.",4,2025-10-03T21:30:47Z,Negative
@jhaber..2025,"Doesnâ€™t matter how old this song isâ€¦
it will always be a timeless masterpiece",0,2025-10-03T21:18:15Z,Positive
@LuckSorte,"idiota nao tem verganha na  cara
]",0,2025-10-03T21:04:57Z,Negative
@paolauruenahernandez7520,Hoy 3 octubre 2025 Eminem,1,2025-10-03T21:00:11Z,Negative
@chicagolatinabt,Bad bunny should add this to the superbowl performance,0,2025-10-03T20:47:59Z,Negative
@AllisonPorter-x2h,Awesome job on this video.,0,2025-10-03T20:47:10Z,Positive
@KitsuneXof,bruh,0,2025-10-03T20:45:06Z,Negative
@HabiboHabibo-lj7vu,Ù…Ù† ÙÙŠ 2025â¤â¤â¤,1,2025-10-03T20:34:52Z,Negative
@amormya16,"Saludos a todos los que estan aqui. Por tener buen gusto.  
Esperando que  baje el pulso para volver a empezar.",0,2025-10-03T20:32:41Z,Negative
@primemuscab,8.8 billion ğŸ˜®,1,2025-10-03T20:24:57Z,Negative
@AishikDe,8 years but the comment section is still active!!,0,2025-10-03T20:22:17Z,Negative
@cumulusterraticus3446,So  ğŸ˜® Despacito  https://youtube.com/shorts/GKo3THwlq3M  with fun ğŸ˜…ğŸ˜®,0,2025-10-03T20:10:53Z,Positive
@menz0857,8.8billion ??? How many are we on earth??,2,2025-10-03T20:10:07Z,Positive
@PolashDas-j7w,UmmmğŸ˜®,0,2025-10-03T20:01:14Z,Negative
@melinasmusic,Who just came to check the views?,1,2025-10-03T19:58:10Z,Negative
@Editzs_By_Parth_YT06,Anyone in 2026ğŸ˜…,1,2025-10-03T19:55:05Z,Negative
@Editzs_By_Parth_YT06,8.8 billion is Crazy ğŸ¤¯ğŸ¤¯,1,2025-10-03T19:53:37Z,Negative
@rameshjampala6548,Fun fact : After 8 years the comment section is still active,0,2025-10-03T19:38:52Z,Positive
@sportjanja93,Who's here November 2025?,1,2025-10-03T19:24:57Z,Negative
@Ğ¯Ğ½Ğ¾Ñ‡ĞºĞ°ĞĞ±Ğ¸Ñ‚Ğ°ĞµĞ²Ğ°-ÑĞ¾Ğ»Ğ½Ñ†Ğµ,"8.8 Ğ¼Ğ¸Ğ»Ğ»Ğ¸Ğ°Ñ€Ğ´Ğ¾Ğ² Ğ¿Ñ€Ğ¾ÑĞ¼Ğ¾Ñ‚Ñ€Ğ¾Ğ², ÑÑ‚Ğ¾ Ğ±Ğ¾Ğ»ÑŒÑˆĞµ, Ñ‡ĞµĞ¼ ÑĞµĞ¹Ñ‡Ğ°Ñ Ğ²ÑĞµĞ³Ğ¾ Ğ»ÑĞ´ĞµĞ¹ Ğ½Ğ° Ğ¿Ğ»Ğ°Ğ½ĞµÑ‚Ğµ Ğ¶Ğ¸Ğ²ĞµÑ‚ Ğ¾Ğ´Ğ½Ğ¾Ğ²Ñ€ĞµĞ¼ĞµĞ½Ğ½Ğ¾!",2,2025-10-03T19:17:14Z,Negative
@ortensialopez-e1u,Es la canciÃ³n de un meme de Coco el dÃ­a de los muertos,1,2025-10-03T19:15:17Z,Negative
@ortensialopez-e1u,"Despacito no cantes tan rÃ¡pido,quiÃ©n estÃ¡ aquÃ­ en 2026   y en 2025",1,2025-10-03T19:13:54Z,Negative
@AdiGogo-en3bg,Vs radio,0,2025-10-03T19:03:58Z,Negative
@AdiGogo-en3bg,"Si bandung Argentina Ra Mian Haposan Pandapotan di MPRS 
Bupati sibolga",0,2025-10-03T19:03:39Z,Negative
@UARJkslm,OMG this song it was my drug ğŸ”¥â™¥ï¸âœ¨,0,2025-10-03T18:57:22Z,Negative
@Canis_ff22k,AALU KHOGE ğŸ˜‚ğŸ˜‚ğŸ˜‚ğŸ˜‚ğŸ˜‚,1,2025-10-03T18:54:52Z,Negative
@shiva-coolmovies,me in 2025 be like 434776 coments!!!!!,0,2025-10-03T18:52:06Z,Negative
@botdeadman8472,Aalu ğŸ¥”ğŸ¥”ğŸ¥” khaoge?ğŸ˜‚ğŸ˜‚,1,2025-10-03T18:50:38Z,Negative
@ryuesrr,En gÃ¼ncel,0,2025-10-03T18:44:56Z,Negative
@MARIO_MK24,"I really wish to go back to this era, life was pretty awesome",1,2025-10-03T18:33:30Z,Positive
@TobaccoMafia,2025ğŸ‰,1,2025-10-03T18:30:17Z,Negative
@ThePaulWalkerReligion,https://youtu.be/-qCDypgAV_E?si=VbmsgdprjGtVuIO9,0,2025-10-03T18:27:21Z,Negative
@prime_relax_10,"Who's October 2025?
ğŸ‘‡",2,2025-10-03T18:14:45Z,Negative
@Gentleman-t4n,Describe the vibe?â¤â¤â¤â¤,0,2025-10-03T18:08:09Z,Negative
@Rs.Rifat.Ahmed75,I listen to this song all the time. This song is my favorite song.ğŸ§ğŸ¤Ÿ,1,2025-10-03T18:04:22Z,Positive
@farishXselangor,"Bro This song, make my Reflips Going Auto on Football or on WorkğŸ”¥ğŸ”¥ğŸ”¥ğŸ”¥",1,2025-10-03T18:04:21Z,Negative
@rhondaowens888,Me â¤,0,2025-10-03T17:41:37Z,Negative
@Mangal_949,03/10/2025ğŸ˜…,2,2025-10-03T17:22:05Z,Negative
@JoseAcuÃ±a-p5u,Estoy escuchando en el aÃ±o 2097,1,2025-10-03T17:13:46Z,Negative
@MonaLisa-up7ih,A very solid explanation.,0,2025-10-03T17:12:04Z,Negative
@anamariaxavier8742,â¤ l Love you,0,2025-10-03T17:12:00Z,Positive
@Muzikalar_UzMuz2025,Zor rahmat,1,2025-10-03T17:09:36Z,Negative
@AshvinVaghela-z7x4f,AALU KHAOGE,1,2025-10-03T17:07:35Z,Negative
@shaifbotanist,Hi shaif,0,2025-10-03T17:05:32Z,Negative
@Edu_AFJAL,Indiana ğŸ‡®ğŸ‡³,0,2025-10-03T17:02:29Z,Negative
@Ğ’Ğ¾Ğ²Ğ°Ğ¨ĞºĞ²Ğ°Ñ€Ğ¾Ğº-Ğº6Ñƒ,2025â¤â¤â¤ğŸ”¥,0,2025-10-03T16:56:29Z,Negative
@vtggas_2958,"2017: People came to listen song.

2025: People come to check views...",3,2025-10-03T16:50:29Z,Negative
@PawanSingh-u2w2d,"Aalu kaoge
ğŸ˜‚",1,2025-10-03T16:47:38Z,Negative
@ShivaniSingh-zq6uc,Is anyone in October 2025,0,2025-10-03T16:43:58Z,Negative
@MasterKing189,Nice song but the vid not for kids,2,2025-10-03T16:39:13Z,Positive
@AkshatSingh-p1j,"For Epic Gamers
https://youtu.be/8w_tq1vKhWU?si=WzPhMyHN_izc-mdz",0,2025-10-03T16:35:34Z,Positive
@AkshatSingh-p1j,"Russian Game
https://youtu.be/8w_tq1vKhWU?si=WzPhMyHN_izc-mdz",0,2025-10-03T16:34:55Z,Negative
@AkshatSingh-p1j,"Full Gameplay
https://youtu.be/8w_tq1vKhWU?si=WzPhMyHN_izc-mdz",0,2025-10-03T16:34:36Z,Positive
@AkshatSingh-p1j,"Free Game and full gameplay 
Russian Game in India 
https://youtu.be/8w_tq1vKhWU?si=WzPhMyHN_izc-mdz",0,2025-10-03T16:32:16Z,Negative
@savaidevda8846,October 2025â¤,1,2025-10-03T16:28:06Z,Negative
@puneet_singhh,Anyone from ğŸ‡®ğŸ‡³ğŸ‡ºğŸ‡¸ğŸ‡·ğŸ‡ºğŸ‡µğŸ‡°ğŸ‡«ğŸ‡·ğŸ‡®ğŸ‡¹ğŸ‡¬ğŸ‡§ğŸ‡©ğŸ‡ªâ¤ğŸ˜‚?????????????????,2,2025-10-03T16:13:38Z,Negative
@nitishraana,Who's here before 20Billion views ?,1,2025-10-03T16:09:18Z,Negative
@santiagoandresfilozvargas9371,ğŸ‰,1,2025-10-03T16:08:38Z,Negative
@santiagoandresfilozvargas9371,â¤,1,2025-10-03T16:08:27Z,Negative
@santiagoandresfilozvargas9371,"Qwertyuiop
â¤
Qwertyuiop
â¤",1,2025-10-03T16:08:08Z,Negative
@lechi5766,àº‚à»‰àº­àºàºŸàº±àº‡à»€àºàº·àº­àºšàº—àº¸àºàº¡àº·à»‰â¤ğŸ‰ğŸ˜…,0,2025-10-03T16:04:35Z,Negative
@patrongames,https://youtu.be/YI6UG9sXl-8?si=lHmQN2ODbnGs6td7,0,2025-10-03T15:57:42Z,Negative
@Ø§Ø¨ÙˆÙ†Ø«Ø±Ø§Øª-Ø´9Ø¨5Ø®,â¤â¤â¤â¤â¤ØŒğŸ‡¾ğŸ‡ªğŸ‡¾ğŸ‡ªğŸ‡¾ğŸ‡ª,0,2025-10-03T15:54:45Z,Negative
@lakshan123-x7w,0:01 â¤,0,2025-10-03T15:54:13Z,Negative
@AmreshKumar-t5y,Aloo khaoge ğŸ˜‚ğŸ˜‚,0,2025-10-03T15:40:13Z,Negative
@PlanetC64,"Learning Spanish at 61 so i can communicate with my colleagues at my job. Iâ€™ve always wanted to know what these guys are saying, i know just from listening itâ€™s extremely rude but i like it",1,2025-10-03T15:36:42Z,Negative
@puneet_singhh,Anyone in 10 october ğŸ˜‚â¤????,2,2025-10-03T15:29:49Z,Negative
@tahominatamanna6412,Anyone in october 2025?,0,2025-10-03T15:28:39Z,Negative
@odalisacosta-c9r,Los amoâ¤â¤â¤â¤â¤â¤â¤â¤â¤â¤â¤â¤â¤â¤â¤â¤â¤â¤â¤â¤â¤â¤â¤â¤â¤â¤â¤â¤â¤â¤â¤â¤â¤â¤,0,2025-10-03T15:27:54Z,Negative
@jennaberry22,"2017: Nhá»¯ng Ai Ä‘Ã£ nghe 
2025: CÃ²n ai nghe khÃ´ng",0,2025-10-03T15:27:00Z,Negative
@Sen-tp-o1i,â¤â¤â¤ğŸ˜‚â¤â¤â¤â¤,2,2025-10-03T15:18:58Z,Negative
@RACHIDANessar,Back then when life was good ğŸ˜­ğŸ’—,19,2025-10-03T15:12:58Z,Positive
@EleanoraLowe,ğŸ¥°,0,2025-10-03T15:10:44Z,Negative
@gamingwithuyotoloop,who came here to watch the views in 2025,2,2025-10-03T15:01:04Z,Negative
@dksaini99-y2f,Aalu kaoge,1,2025-10-03T15:00:15Z,Negative
@sunerabro4456,2025/10/03,1,2025-10-03T14:58:51Z,Negative
@RedbitRedbitGoldx,Â¿QuiÃ©n estÃ¡ aquÃ­ en 2025-2026-2027-2028-2029-2030?,114,2025-10-03T14:57:04Z,Negative
@ASMRCARE-e6n,Any One October 4 ğŸ’¥,1,2025-10-03T14:55:08Z,Negative
@SiyamUddin-o7z,à¦¬à¦¾à¦‚à¦²à¦¾à¦¦à§‡à¦¶à¦¿ à¦•à§‡ à¦•à§‡ à¦†à¦›à§‹ à¥¤à¥¤ğŸ‡§ğŸ‡©,1,2025-10-03T14:48:49Z,Negative
@ashleylim6022,Who is in 2025,1,2025-10-03T14:47:11Z,Negative
@ShahinaHaque-u8k,0:01 Hi gyus ğŸ‰,1,2025-10-03T14:40:08Z,Negative
@TheRealeyes369,Anybody is in 2025 â™¥ï¸,5,2025-10-03T14:14:17Z,Negative
@xZyzno011,"Those who watch this in October, may you always be healthy and have abundant sustenance. And may your unfulfilled wishes come true this monthğŸ˜ŠğŸ˜Š",10,2025-10-03T14:09:39Z,Positive
@ForMyMobile-p6u,Who is watching the song in 2125ğŸ˜‚,2,2025-10-03T14:00:43Z,Negative
@AfsanaAkter-i6r9l,This song I love it,2,2025-10-03T13:57:41Z,Positive
@djousman374,"4.3M comment thats crazyğŸ˜¤ğŸ˜¤ğŸ˜¤
Big hit all the timeğŸ",2,2025-10-03T13:50:52Z,Negative
@sonuSingh-g3n3g,Nice songğŸ‰ğŸ‰ğŸ‰ğŸ‰ğŸ‰,0,2025-10-03T13:50:29Z,Positive
@davidprogamer_1,8 billones de vistas ğŸ˜®,0,2025-10-03T13:40:54Z,Negative
@RaageShire-h9q,2026â¤,0,2025-10-03T13:34:31Z,Negative
@AdamBer-ir6eg,"I refuse to believe that this was 10 YEARS ago , like ... !!!!! I'm gonna cry .. we've gotten robbed of at least the last 5 years because of the mf pandemic, so I kind of get it but I just hate that ğŸ’” life was way better",0,2025-10-03T23:24:46Z,Negative
@08yju77,â¤â¤â¤â¤â¤â¤â¤â¤2025 outubro,0,2025-10-03T22:43:38Z,Negative
@08yju77,â¤â¤â¤â¤â¤â¤â¤,0,2025-10-03T22:43:16Z,Negative
@user-vc5zl4jn4,"ĞŸĞ¾ Ğ¼Ğ¾ĞµĞ¼Ñƒ ÑÑ‚Ğ¸ Ñ‚Ğ°Ğ½Ñ†Ñ‹ Ğ½Ğµ Ğ² Ñ‚ĞµĞ¼Ñƒ ,Ğ¿Ğ¾Ñ‘Ñ‚ Ğ¾ Ğ¿Ñ€Ğ¾Ñ‰ĞµĞ½Ğ¸Ğ¸ ,Ğ° Ñ‚ÑƒÑ‚ Ğ¿Ğ¾Ğ¿Ğ°Ğ¼Ğ¸ Ñ‚Ñ€ÑÑÑƒÑ‚!",0,2025-10-03T20:27:56Z,Negative
@BasedLegend18,Sorry (PURPOSE: The Movement),1,2025-10-03T20:11:08Z,Negative
@GGSan-h6r,At least one marital enemy of mine has died.,0,2025-10-03T19:27:26Z,Negative
@NehemiyaAbaineh-n6c,not good,0,2025-10-03T18:19:29Z,Negative
@Haytch-r2y,I miss those days ğŸ˜¢ğŸ˜¢,18,2025-10-03T14:51:19Z,Negative
@joelsoares3991,green girl is the wonderfulllll ğŸ¤©,4,2025-10-03T13:51:29Z,Negative
@kobusingeshamim2651,good song ğŸµ ğŸ‰,2,2025-10-03T13:16:46Z,Positive
@MehmoodKhan-h6q6u,Anyone 2025 October ğŸ˜Šâ¤â¤ğŸ‰ğŸ˜‚,3,2025-10-03T13:07:44Z,Negative
@NassimaAnoune,Yessâ¤,2,2025-10-03T12:50:34Z,Negative
@mrluwuwu2336,if anyone is from myanmar they probably know the employees play this song in loterria,1,2025-10-03T09:19:31Z,Negative
@ZeeshanButt-w7y,â¤â¤â¤sorry for being late â° but Iâ€™m just getting ready now to head home ğŸ  from work and then Iâ€™m heading back home ğŸ¡,1,2025-10-03T07:13:05Z,Negative
@OnakoMboniswa,This song is so ğŸ”¥,1,2025-10-03T07:10:32Z,Negative
@frankfloresgrandez7221,Muy buena para su Ã©poca ğŸ˜¢,1,2025-10-03T06:49:40Z,Negative
@jeremaytante,Anyone in 2025???,43,2025-10-03T05:13:04Z,Negative
@ThandiweLove,"hehe
cool",1,2025-10-03T02:56:36Z,Positive
@AhmedDulal-l8z,Today? ğŸ˜…,2,2025-10-03T01:57:55Z,Negative
@MoneyMan28,"Donâ€™t make a kid because it costs like $100,000 dollars from 0 to 18 years 
Be single like most people so a major accident never happens",0,2025-10-03T01:29:10Z,Positive
@Ã‰OJAPA-1,O significado de nostalgia,1,2025-10-03T00:46:20Z,Negative
@Test_Blaster,I ducking hate you justin,0,2025-10-02T23:52:56Z,Negative
@elisreginaalves6151,ğŸ˜­ğŸ˜­ğŸ˜­ğŸ˜­ğŸ˜­there is no Lyrics ğŸ˜­ğŸ˜­ğŸ˜­ğŸ˜­ğŸ˜­ğŸ˜­ğŸ˜­ğŸ˜­ğŸ˜­ğŸ˜­ğŸ˜©ğŸ˜¤ğŸ˜©,1,2025-10-02T22:48:52Z,Negative
@abduallahbassam2344,Now it's to late ğŸ˜¢ğŸ˜¢ğŸ˜¢ justin,0,2025-10-02T22:09:54Z,Negative
@Oppo-b3l3x,Can record,0,2025-10-02T21:56:50Z,Negative
@Smile_IsMore_Important_ourlife,"""IT'S OCTOBER 2â™¡25 LET'S SEE HOW MANY LEGENDS ARE LISTENING TO THIS MASTERPIECE, STILL ONE OF THE MOST POPULAR SONGS EVER EVEN AFTER 9 YEAR'S!""",7,2025-10-02T21:01:42Z,Positive
@4.22AM,2:39 ğŸ˜‚ whatâ€™s that like a bird dance,0,2025-10-02T20:51:27Z,Negative
@Bryannoroblox,Yes,0,2025-10-02T20:12:36Z,Negative
@LoneSurvivor001,Evergreen hit,0,2025-10-02T19:32:37Z,Negative
@cafezinhocomacucar6422,"This video has everything but not Justin Bieber
JUSTIN WHO IS SINGING THE SONG IS NOT IN THE VIDEO",1,2025-10-02T18:02:26Z,Negative
@nickflores1592,October 2025 ?,1,2025-10-02T17:45:51Z,Negative
@ì œí¬í™©-b6p,10 years ago...I am sad.,0,2025-10-02T17:13:27Z,Negative
@gissella20cq52,â¤â¤â¤â¤â¤â¤â¤â¤â¤â¤â¤â¤â¤ğŸ¤©ğŸ¤©ğŸ¤©ğŸ¤©ğŸ¤©ğŸ¤©ğŸ¤©ğŸ¤©ğŸ¤©ğŸ¤©ğŸ¤©ğŸ¤©,0,2025-10-02T17:02:09Z,Negative
@SaadKhan-ko7ox,â¤2025â¤,0,2025-10-02T16:11:42Z,Negative
@aaronbrown621,"My Older Brother William was 19 years old, and I was 14 years old when Justin Bieber released ""Sorry"" on October the 22nd of 2015.",1,2025-10-02T15:55:40Z,Negative
@aaronbrown621,"Justin Bieber: Sorry
Release Date: October 22nd, 2015 (9 years)",1,2025-10-02T15:54:30Z,Negative
@nursh26,Anyone in october 2025 ?,1,2025-10-02T15:28:45Z,Negative
@ManDizonga,Year 2026â¤,0,2025-10-02T15:10:04Z,Negative
@Mahi_4_x,India wala.ğŸ˜‚,1,2025-10-02T13:58:46Z,Negative
@altheaalonzolegaspi9639,its almost 10 years ago but this song is amazing ...,0,2025-10-02T13:38:59Z,Positive
@Isha-x7o,it  is  making me  ğŸ’ƒ,0,2025-10-02T13:37:56Z,Negative
@firegang-j3m,The fact that this song has 4b views and there's only girls in this song doing SUS dances,0,2025-10-02T13:02:45Z,Negative
@firegang-j3m,Where tf is Justin?!?!?!?!,0,2025-10-02T12:59:21Z,Negative
@TrangTrang-kx9gv,2025,0,2025-10-02T12:22:33Z,Negative
@Kaua_verissimoo,who's here October 2025?,0,2025-10-02T11:36:37Z,Negative
@Momento-jk,"2025, oct 2â¤",0,2025-10-02T10:10:32Z,Negative
@ArturLabbate-h3r,"Im Sorry baby, I love you ğŸ˜¢ğŸ’”ğŸ–¤2015/2025",1,2025-10-02T09:58:41Z,Negative
@Prabh__K.09,4 billion viewsğŸ¤¯ğŸ”¥ What an era it was!!! Glad I was a part of it! This album & this era are masterpiecesâœ¨,5,2025-10-02T09:26:17Z,Positive
@AlexLopez-hy8mo,Yo de nuevo ğŸ‰ğŸ˜Š,0,2025-10-02T06:40:28Z,Negative
@chinemezejayjay,when bro only dropped bangers,0,2025-10-02T06:38:07Z,Negative
@breezybee3,To be closin ln on a million comments is crazy ğŸ˜‚,0,2025-10-02T06:17:06Z,Negative
@willvierrodriguez,Ya es 2026??,0,2025-10-02T05:26:29Z,Negative
@anhngoc3900,"You gotta go and get angry at all of my honesty
You know I try but I don't do too well with apologies
I hope I don't run out of time, could someone call a referee?
Cause I just need one more shot at forgiveness
I know you know that I made those mistakes maybe once or twice
By once or twice I mean maybe a couple a hundred times
So let me, oh let me redeem, oh redeem, oh myself tonight
Cause I just need one more shot at second chances
Yeah, is it too late now to say sorry?
Cause I'm missing more than just your body
Is it too late now to say sorry?
Yeah I know that I let you down
Is it too late to say I'm sorry now?
I'm sorry, yeah
Sorry, yeah
Sorry
Yeah I know that I let you down
Is it too late to say I'm sorry now?
â™ª
I'll take every single piece of the blame if you want me to
But you know that there is no innocent one in this game for two
I'll go, I'll go and then you go, you go out and spill the truth
Can we both say the words and forget this?
Is it too late now to say sorry?
Cause I'm missing more than just your body
Is it too late now to say sorry?
Yeah I know that I let you down
Is it too late to say I'm sorry now?
I'm not just trying to get you back on me
Cause I'm missing more than just your body
Is it too late now to say sorry?
Yeah I know that I let you down
Is it too late to say I'm sorry now?
I'm sorry, yeah
Sorry, oh
Sorry
Yeah I know that I let you down
Is it too late to say I'm sorry now?
I'm sorry, yeah
Sorry, oh
Sorry
Yeah I know that I let you down
Is it too late to say I'm sorry now?",0,2025-10-02T03:41:34Z,Negative
@JimmyGreenThumb88,So fine super foxâ€™s,0,2025-10-02T03:27:36Z,Positive
@thomaschristopher-s1q,Excellent coverage of the topic.,0,2025-10-02T02:49:03Z,Positive
@ELRAYO-c7i,Cuando cantaba con esa voz hermosa que tenÃ­a,1,2025-10-02T02:33:07Z,Negative
@sergioruiz7002,"Great hit, and incredible coreography! One of the BEST i've seen ever! Great video without Justin appears in! Good good job girlzzzzz!",0,2025-10-02T00:50:01Z,Positive
@RubÃ©nCarrasco-e5i,who is in October 2025 â™¥ï¸,1,2025-10-01T23:37:03Z,Negative
@noelisayuprado2829,SIEMPRE REVIVIENDO ESTA EPOCA ğŸ™Œ,2,2025-10-01T22:54:28Z,Negative
@DarknessSmoke-j5o,NoahğŸ˜…,0,2025-10-01T21:46:13Z,Negative
@PhiSweet-u9l,Can't stop listening to this song.,0,2025-10-01T21:29:32Z,Negative
@NiyigenaOlivier-c2o7c,You are inside my heart,1,2025-10-01T20:53:59Z,Negative
@Matt-u6d,This video is the reason I started dating latinas lol,2,2025-10-01T20:39:22Z,Positive
@danielaoneill432,This is so good â¤,2,2025-10-01T18:58:12Z,Positive
@Mk0-e5x,Musica nao boa KkakkğŸ˜… justinn???(,1,2025-10-01T18:44:27Z,Negative
@mmtwanderlust,I think it's ever to late to say sorry,0,2025-10-01T17:57:42Z,Negative
@EdwardRojas-k3o,Historical song,0,2025-10-01T17:54:09Z,Negative
@andred926,we really lost our color,1,2025-10-01T17:23:27Z,Positive
@LamHan-g2t,Your creativity is inspiring.,0,2025-10-01T16:55:52Z,Positive
@Sjcrazyvibe,Feel your self respect ğŸ’ªğŸ˜‰,0,2025-10-01T16:51:36Z,Negative
@Sjcrazyvibe,Feb song ğŸ¥°,0,2025-10-01T16:50:58Z,Negative
@Hessssssggggg,These dancers always gags me,1,2025-10-01T15:30:17Z,Negative
@JohnTigreJarro,October 2025 somebody?,1,2025-10-01T14:35:40Z,Negative
@Rollihaida,ğŸ‰ğŸ‰ğŸ‰ğŸ‰ 1:18,0,2025-10-01T14:27:56Z,Negative
@Ğ’Ğ»Ğ°Ğ´Ğ¸ÑĞ»Ğ°Ğ²Ğ£Ñ‚ĞºÑ–Ğ½-Ğ¹6Ñ,Music Box ukr â€” interactive 28612.,0,2025-10-01T13:48:20Z,Negative
@RamadanBah-e2g,â¤â¤â¤â¤â¤ğŸ‰ 1:09,0,2025-10-01T12:57:34Z,Negative
@RamadanBah-e2g,Cool,0,2025-10-01T12:57:23Z,Positive
@marineddyupenchen,Anyone in 2026?,1,2025-10-01T10:03:46Z,Negative
@adrian_prest,this song is the best thing everğŸ’•,1,2025-10-01T09:56:36Z,Positive
@deejay.trader,SO SORRY. There is no evidence that god is one. I was joking. Maybe ZERO. Ha ha ha ha ha ha ha. Three is too much. Ho ho ho ho ho ho ho.,0,2025-10-01T08:26:41Z,Negative
@weblume,i cant believe this was almost ten years ago oh my god,10,2025-10-01T05:31:17Z,Negative
@JesusMartinez-td8ej,https://www.youtube.com/live/uEN2bWFtpjU?si=8EeKKj9KSAeZFpw8,1,2025-10-01T00:51:43Z,Negative
@AntonioDenizNegrin-us4fw,"ğŸ¤ğŸ’™ğŸ’›....â¤ï¸ğŸ’›â¤ï¸....2025......sorry dice ğŸ˜‚.....eso es la hembra del zorro......en de chiquitito lei muchos libros......algunos se conocen y otros no....y sin querer cree en mi memoria una enciclopedia.......distribuidas en multitud de estanterias.....en muchisimas bibliotecas.....creo que ....a nadie a mi edad en ese momento se le ocurriria o pasaria a pensar por su cabeza hacer algo asi.....si en la antigÃ¼edad.....borraron escritos, invadieron ciudades, borraron historia.....y uno siendo un gran fan de todos estos temas desde pequeÃ±o...porque no pensar? Y si me hago una biblioteca gigante, antes de que se borren o editen paginas?, y si......se me ocurriera siendo chiquitito.....siempre observando, y leyendo, desde la lejania......no seria buena idea......guardar nuestra historia?.....
En un momento dado ya no podia leer.......leian lo mismo que yo, ya sabian de primera mano lo mismo que yo...me quito entusiasmo y ganas de seguir con mis lecturas, indagar, buscar....era divertido.....aÃ±os atras.....exitian personas con los mismos gustos....y uno astuto, previsor e inteligente con una intuicion casi infalible....di un aviso......Â¡amigos!....quizas un dia ya no pueda leer, .......ya no pueda jugar a los misterios.......miren mis sendas......tomen la llave de mi biblioteca.....algun dia nos veremos......y si no nos vemos porque la vida me fue corta......pueden recordarle al mundo nuestra historia......en cambio......si vivimos para hacernos viejos y contarlo......guardaremos nuestros secretos.....hasta que Dios nos coja en su gloria......seremos seres de palabra........un dia tendre que pedir perdon.....por ser inteligente...y en una epoca de millones de humanos.....mi merito habras sido.....ser la excepcion que marque la regla.
Esas palabras.....son las mejores palabraa que le podras decir a alguien.....desde entonces....solo se que no se nada.......sorry.....perdon......por mi ignorancia......ğŸ˜Š tonificando.....desde y donde siempre......Gran Canaria.....A.D.N.13......y recuerda....el mundo nos cambian los sistemas por el mismo motivo....donde puedes ver hoy un video antiguo? Jeje.....siempre hay que anticiparse al futuro.",0,2025-09-30T23:22:38Z,Negative
@ducmaddog,legend,0,2025-09-30T22:25:35Z,Negative
@MichaelBrown-k6g8l,Very insightful reporting.,0,2025-09-30T22:20:08Z,Positive
@NotJustAFlowerShopElPaso,Doing my purpose tour too ğŸ€,1,2025-09-30T20:35:42Z,Negative
@PennyLynch-k8x,Im sorry i was ever born. End me God.,1,2025-09-30T18:50:38Z,Negative
@AndrewGrace-c2x,This news is well-written.,0,2025-09-30T17:41:30Z,Negative
@klaymember,ğŸ˜‚ğŸ˜‚ğŸ˜‚ğŸ˜‚ğŸ˜‚ love the song not justunğŸ˜‚ğŸ˜‚ğŸ˜‚ğŸ˜‚ğŸ˜‚â¤ğŸ‰â¤ğŸ‰ğŸ˜‚ğŸ‰ğŸ˜‚â¤ğŸ‰ğŸ˜‚ğŸ˜‚â¤ğŸ‰ğŸ˜‚â¤ğŸ‰ğŸ˜‚â¤ğŸ‰ğŸ˜‚ğŸ˜‚ğŸ‰ğŸ˜‚ğŸ˜‚ğŸ‰ğŸ˜‚â¤ğŸ˜‚â¤ğŸ˜‚ğŸ‰â¤ğŸ˜‚â¤,1,2025-09-30T16:50:33Z,Positive
@bakedandbeaded,"1:28 Sheâ€™s the best, man. Her and Republic shouldâ€™ve won the K-pop competition. Her and Latrice and the girls.",0,2025-09-30T16:27:25Z,Positive
@OliviaMatt-b5g,The vocals are stunning.,0,2025-09-30T15:05:50Z,Positive
@lch396,â¤ğŸ‘†ğŸ’œ,0,2025-09-30T14:20:37Z,Negative
@FranckMichelOHARA,Who is in September???ğŸ‰ğŸ‰ğŸ‰,2,2025-09-30T11:46:37Z,Negative
@paulpost-17h,"Anyone, September 2025?",1,2025-09-30T10:57:31Z,Negative
@MicaelGrover,"JUSTIN BEIBER: THIS IS EMANUEL, THEE MESSIAH.  YOU VIOLATED MY MARIE, SELENA MARIE GOMEZ. MY UNCLE SUGE AND UNCLE P ARE GOING TO GIVE YOU THE PIPE TREATMENT FOR FOUR WEEKS. THEN YOU WILL WAIT FOR ME IN THE NETHERWORLD. WHEN I ARRIVE BACK DOWN THERE WITH MY UNCLE ELON, WE GIVE YOU THE PIPE TREATMENT. DO NOT WORRY, USHER, CHRIS BROWN, AND EMINEM WILL BE DOWN THERE WIT YOU ğŸ˜‚ğŸ˜‚ğŸ˜‚ğŸ˜‚ğŸ˜‚ğŸ˜‚ğŸ˜‚ğŸ˜‚. SAVE YOUR SORRYâ€™S FOR THE NETHERWORLD.
       EMANUEL",0,2025-09-30T10:03:19Z,Negative
@vincentonsakia7339,This song will never fade...makes me to remember some years back.... listening it 2025 from Kenya,0,2025-09-30T07:42:46Z,Negative
@Tuhin_Ariyan,"Sorry sorry kaha tani.... 
Bhojpuri version copy Kiya justin barbar ne ğŸ˜‚ğŸ˜‚ğŸ˜‚ğŸ˜‚",2,2025-09-30T06:11:04Z,Negative
@lorenagattavara6877,Simplemente me encanta!,1,2025-09-30T06:00:04Z,Negative
@YolandaEads,Yeah this KID lost her too!!  Egotistical  asshole.,2,2025-09-30T03:13:55Z,Negative
@vecters,ğŸ˜,0,2025-09-30T03:05:43Z,Negative
